4,4,4,4,4,4,4,4,4,4,4,4,4,4,4,4,4,4,4,4,4,4,4,4,4,4,4,4,4,4,4,4,3,3,4,4,4,3,3,3,131,253,203,25,59,128,78,24,26,339,303,282,260,227,238,204,241,254,31,205,96,149,76,135,85,1,311,109,217,296,126,152,283,14,118,131,329,300,206,294,1016.40013807947,1580,12,1,Inf
1,1,1,1,1,1,1,1,1,1,1,1,1,1,1,1,1,1,1,1,4,4,4,4,4,4,4,4,4,4,4,3,3,4,4,4,4,3,3,3,48,34,24,19,21,2,3,4,5,5,0,256,232,217,155,119,87,48,10,32,116,255,85,152,139,119,349,343,271,226,97,141,215,122,169,210,149,300,131,59,4884.73265767551,900,14,1,Inf
4,4,4,4,4,4,4,4,4,4,4,4,4,4,4,3,3,3,4,3,4,4,4,4,4,4,4,4,3,3,4,4,3,3,4,3,4,4,3,3,166,114,20,59,34,87,83,54,26,51,29,57,188,186,166,125,83,66,281,194,149,158,121,66,84,64,20,288,218,330,173,174,331,194,346,63,315,81,43,19,1016.40015953469,1500,11,1,Inf
2,3,3,2,3,2,2,2,1,2,1,1,2,1,1,1,1,1,1,1,4,4,4,1,3,3,4,4,4,3,2,3,3,4,1,4,3,1,4,4,183,61,78,256,41,28,2,90,20,250,61,344,186,159,301,115,62,84,357,82,287,34,344,194,69,324,276,262,28,330,52,95,216,346,111,271,304,296,243,52,2085.07435700165,963,18,1,Inf
1,1,1,1,1,1,1,1,1,1,1,1,1,1,1,1,1,1,1,1,4,4,4,4,4,4,4,4,4,4,4,3,3,4,4,4,4,3,3,3,48,34,24,19,21,2,3,4,5,5,0,256,232,217,155,119,87,48,10,32,116,255,85,152,139,119,349,343,271,226,97,141,215,122,169,210,149,300,131,59,4884.73265767551,900,14,1,Inf
4,4,4,4,4,4,4,4,4,4,4,4,4,4,4,4,4,4,4,4,4,4,4,4,4,4,4,4,4,4,4,4,3,3,4,4,4,3,3,3,131,253,203,25,59,128,78,24,26,339,303,282,260,227,238,204,241,254,31,205,96,149,76,135,85,1,311,109,217,296,126,152,283,14,118,131,329,300,206,294,1016.40013807947,1580,12,1,Inf
1,1,1,1,1,1,1,1,1,1,1,1,1,1,1,1,1,1,1,1,4,4,4,4,4,4,3,4,4,3,4,4,3,4,4,3,4,3,3,4,48,34,24,19,36,5,3,4,11,334,311,259,232,230,155,119,87,101,10,10,227,315,85,152,125,91,24,44,310,92,205,36,161,130,70,210,149,183,259,328,4871.5699706966,900,17,1,0.262713250041697
1,1,1,2,2,2,1,2,1,1,1,1,1,1,2,1,2,1,1,2,1,4,3,2,4,3,3,3,4,1,3,4,3,2,2,2,3,3,3,4,40,107,24,80,7,53,149,36,76,93,152,31,156,197,120,45,109,201,14,261,111,53,149,193,32,232,76,174,359,351,149,125,110,17,323,145,297,92,164,239,3981.02397145718,921,13,1,0.221206490306508
4,4,4,4,4,4,4,4,4,4,4,4,4,4,4,3,3,3,4,3,4,4,4,4,4,4,4,4,3,3,4,4,3,3,4,3,4,4,3,3,166,114,20,59,34,87,83,54,26,51,29,57,188,186,166,125,83,66,281,194,149,158,121,66,84,64,20,288,218,330,173,174,331,194,346,63,315,81,43,19,1016.40015953469,1500,11,1,0.172268925926636
1,2,2,2,2,1,2,2,1,1,1,2,1,2,1,1,1,1,1,1,2,4,3,3,4,2,1,4,2,3,3,4,4,4,1,2,4,3,4,1,76,107,57,77,7,111,313,9,65,62,232,48,151,140,151,269,125,258,131,134,111,106,149,26,53,54,68,284,300,296,177,140,52,154,344,141,95,222,317,283,3110.93220342958,924,15,1,0.171248353224249
4,4,4,4,3,3,3,3,3,2,3,3,4,2,2,1,2,2,1,2,4,4,2,4,4,3,2,3,3,3,2,2,3,4,2,1,4,1,4,4,183,18,43,81,228,160,66,100,61,340,129,184,2,203,181,119,62,84,357,101,60,126,166,41,125,275,323,119,338,234,221,298,60,165,148,335,56,325,29,318,1046.11738980459,1186,18,1,0.16423421854444
2,4,4,3,2,2,2,2,2,2,2,1,2,1,1,1,2,1,1,2,4,3,4,3,3,3,4,4,4,2,4,2,3,2,3,1,3,2,4,4,183,89,128,27,41,28,217,41,20,10,61,328,126,192,285,254,62,84,95,112,8,34,240,253,69,334,168,135,359,94,1,328,9,290,239,200,86,168,185,311,1426.53700649003,1015,16,1,0.164137100328967
1,2,2,2,2,1,2,2,1,1,1,2,1,2,1,1,1,1,1,1,2,4,3,3,4,2,1,4,2,3,3,4,4,4,1,2,4,3,4,1,76,107,57,77,7,111,313,9,65,62,232,48,151,140,151,269,125,258,131,134,111,106,149,26,53,54,68,284,300,296,177,140,52,154,344,141,95,222,317,283,3110.93220342958,924,15,1,0.155921902829202
4,4,4,4,4,4,4,4,3,3,2,3,2,3,4,2,2,2,2,3,4,4,3,4,3,3,2,4,2,4,3,4,4,4,4,3,4,2,3,3,166,86,122,25,59,87,149,248,230,72,91,49,260,188,238,75,115,138,106,88,166,278,289,39,266,22,133,159,275,78,60,13,283,345,118,50,208,10,151,71,1017.52011425393,1294,13,1,0.151960398015065
2,4,2,3,2,2,2,2,2,2,2,1,1,1,1,1,2,1,1,2,4,1,2,3,3,3,4,4,4,2,4,2,3,2,2,1,1,4,4,4,183,89,78,27,41,28,217,41,20,300,75,203,126,30,285,144,62,84,122,121,80,34,240,253,69,156,168,262,33,94,293,323,9,290,254,144,317,208,185,311,1795.79801600321,981,16,1,0.149121695432517
1,1,1,1,1,1,1,1,1,1,1,1,1,1,1,1,1,1,1,1,4,4,4,4,4,4,3,4,4,3,4,4,3,4,4,3,4,3,3,4,48,34,24,19,36,5,3,4,11,334,311,259,232,230,155,119,87,101,10,10,227,315,85,152,125,91,24,44,310,92,205,36,161,130,70,210,149,183,259,328,4871.5699706966,900,17,1,0.146259820086215
1,1,2,1,1,1,1,1,1,1,1,1,1,1,1,1,1,1,1,1,4,4,3,2,4,4,4,4,4,3,4,3,3,4,4,4,4,3,3,3,48,34,24,19,36,5,3,4,11,5,0,256,232,230,155,119,87,48,10,32,105,255,85,150,139,101,349,133,271,226,97,294,311,141,169,210,149,142,120,59,4407.9266936024,903,14,1,0.124267871890436
1,2,2,2,1,1,1,1,1,1,1,1,1,1,1,1,1,1,1,1,3,2,2,4,4,2,1,3,4,4,2,3,3,4,4,4,2,3,4,3,43,107,24,49,63,5,51,65,14,19,6,254,232,230,153,131,173,29,10,161,330,60,168,17,3,291,72,358,310,226,304,147,110,277,169,78,11,220,279,178,3695.00881571024,909,14,1,0.0783493474493652
1,1,1,2,2,1,1,2,1,1,1,1,1,1,2,1,2,1,1,2,1,4,3,2,4,3,3,3,4,1,3,2,3,2,2,2,3,3,3,4,40,107,24,80,7,53,149,36,76,93,152,31,156,197,120,45,109,201,14,56,111,53,313,193,32,232,76,174,359,351,304,125,110,17,323,145,297,92,164,239,4233.38533246005,918,13,1,0.052614278853688
1,1,2,2,1,1,1,1,1,1,1,1,1,1,1,1,1,1,1,1,4,4,4,3,4,3,4,3,3,3,4,3,3,4,4,3,3,3,1,4,48,34,24,19,63,5,3,4,12,11,0,193,232,230,155,119,87,84,10,32,40,255,85,152,172,291,283,358,174,226,304,185,234,277,290,210,149,328,120,112,4046.9219794558,906,14,1,0.052614278853688
1,1,2,1,1,1,1,1,1,1,1,1,1,1,1,1,1,1,1,1,4,4,4,4,1,4,3,4,3,3,4,3,3,4,1,3,4,3,3,2,48,34,24,19,36,5,3,4,11,334,311,259,232,230,155,119,87,101,10,32,227,229,85,152,125,119,24,44,310,92,205,36,161,47,169,210,149,183,259,328,4391.16526961724,903,17,1,0.0451205681668185
1,1,3,2,2,2,1,2,1,1,1,1,1,1,2,1,2,1,1,2,1,4,3,2,4,3,3,3,4,1,3,2,3,2,1,2,3,3,3,4,40,107,24,80,7,53,149,36,117,93,152,31,146,197,120,45,109,201,14,261,91,53,21,193,32,232,76,174,359,351,103,125,110,17,267,145,297,92,164,239,3332.39741258257,935,13,1,0.0412539393902513
1,1,1,2,2,1,1,2,1,1,1,1,1,1,2,1,2,1,1,2,1,4,3,2,4,3,3,3,4,1,3,2,3,2,2,2,3,3,3,4,40,107,24,80,7,53,149,36,76,93,152,31,156,197,120,45,109,201,14,56,111,53,313,193,32,232,76,174,359,351,304,125,110,17,323,145,297,92,164,239,4233.38533246005,918,13,1,0.0407875838899363
2,4,2,2,1,1,1,1,1,1,1,1,1,1,1,1,1,1,1,1,3,4,4,2,4,3,4,3,3,3,4,3,3,4,4,3,3,3,1,4,48,177,24,19,63,5,3,4,12,11,0,248,232,230,155,119,87,84,10,32,40,255,85,152,172,291,283,358,310,226,304,185,234,277,290,89,149,328,120,112,2911.77290362862,943,14,1,0.0407403831472933
1,2,4,2,3,2,1,1,3,3,2,3,3,3,3,1,1,1,2,3,3,4,4,4,3,3,3,2,4,3,3,2,4,1,2,3,4,2,3,3,166,86,6,25,59,129,106,133,96,58,116,49,260,188,238,75,115,116,22,29,73,206,289,39,9,22,133,81,265,78,126,69,168,293,118,90,122,10,151,230,2542.9513783136,1061,12,1,0.0397613942922348
1,4,2,2,2,2,2,2,1,1,1,1,1,2,1,1,1,1,2,1,1,4,3,2,4,2,3,4,4,1,3,3,3,4,2,4,2,3,3,2,76,107,163,235,7,111,313,9,65,93,232,48,151,140,156,45,125,258,131,134,111,106,149,26,53,187,112,284,300,296,177,198,52,11,267,268,95,222,164,287,2407.27212510256,958,15,1,0.0396453291982036
1,2,2,2,2,1,2,2,1,1,1,1,1,2,1,1,1,1,1,1,3,4,3,2,4,2,2,4,4,3,3,4,3,4,2,4,4,3,3,2,76,107,248,235,7,111,313,9,65,93,232,48,151,140,151,45,125,258,131,134,111,106,149,26,53,328,68,284,300,296,177,198,52,11,267,152,95,222,317,287,3201.25707874544,921,15,1,0.0383127629196631
2,2,1,2,2,1,1,2,2,1,1,1,1,1,2,1,2,1,1,2,1,2,3,2,4,3,3,3,4,2,3,2,3,2,4,2,3,3,3,4,40,107,24,80,7,53,149,36,76,93,152,31,146,197,97,45,109,201,14,261,111,53,149,193,32,232,76,174,359,351,304,125,110,170,267,145,297,92,164,239,3499.05007240923,927,13,1,0.0347934110217866
4,4,4,4,3,4,4,4,3,4,2,3,3,3,3,1,1,1,2,3,3,4,4,4,3,3,3,2,4,4,3,4,4,4,4,3,4,2,3,3,166,86,6,25,59,99,106,248,230,58,282,49,260,12,238,75,86,138,319,29,73,278,289,225,9,22,133,159,275,78,60,244,117,293,118,90,122,213,151,230,1046.56178826579,1276,15,1,0.0340649839645822
2,2,2,2,2,2,2,2,1,1,1,1,1,2,1,1,1,1,2,1,1,4,2,2,4,2,3,1,4,1,3,3,3,4,2,4,2,3,3,2,76,107,163,235,7,111,313,9,65,93,232,48,151,140,156,45,125,258,131,134,111,106,149,26,53,152,112,284,300,296,177,198,52,11,267,268,95,222,164,239,2649.39942612582,930,15,1,0.0335116713445421
2,4,2,3,2,2,3,2,2,1,1,1,2,2,2,3,2,1,1,3,4,4,2,3,3,4,4,3,2,3,2,2,4,2,1,4,2,2,4,1,277,165,216,254,173,201,347,127,21,37,37,174,278,285,265,196,57,157,237,129,95,132,230,211,68,121,220,184,14,127,22,76,136,198,132,91,308,106,110,244,1883.74214921257,1020,14,1,0.0322024067054259
2,4,2,2,2,2,2,1,1,1,2,1,1,2,2,1,1,1,2,2,1,4,2,2,2,2,3,1,4,3,3,2,3,4,2,4,2,3,1,2,76,107,163,235,7,106,313,9,65,93,232,48,146,197,104,45,215,258,305,134,111,139,312,214,32,152,112,284,300,296,177,198,52,11,267,268,95,222,164,239,2201.09917105306,967,15,1,0.0314640837436707
2,4,3,2,3,2,2,2,1,2,2,1,2,1,1,1,1,1,1,1,4,4,4,1,3,3,4,2,4,3,4,3,3,4,1,4,3,1,4,4,183,143,78,19,41,28,177,90,20,250,61,344,186,159,45,115,62,84,336,105,45,34,344,206,69,324,276,262,28,330,289,95,9,150,111,271,136,296,243,52,1708.06496962271,986,17,1,0.0312956711806154
1,4,4,2,3,2,1,2,3,3,2,3,3,3,3,1,1,1,2,3,3,4,4,4,3,3,3,2,4,4,3,2,4,4,2,3,4,2,3,3,166,86,6,25,59,129,106,133,96,58,116,49,260,188,238,75,115,116,22,29,73,206,289,39,9,22,133,81,45,78,126,212,117,293,118,90,122,10,151,230,1873.77107378875,1095,12,1,0.03008731904183
2,4,4,3,2,2,2,2,2,2,1,1,2,2,1,1,2,2,1,2,4,3,3,3,3,3,4,4,4,3,4,2,3,3,2,2,3,4,1,4,183,89,346,27,41,28,217,41,20,183,61,203,126,30,211,265,62,84,95,121,80,195,240,253,197,156,168,262,307,290,175,328,9,290,254,144,1,208,185,311,1491.78878511333,1018,15,1,0.0299353976979766
4,4,4,4,4,4,4,4,4,4,3,3,3,2,4,3,2,2,2,3,3,4,4,4,3,3,4,2,4,1,3,4,4,4,1,2,4,2,3,4,126,86,6,86,59,129,100,14,130,9,60,49,260,209,238,142,115,117,18,29,23,265,289,39,9,163,210,187,292,268,183,244,117,345,271,5,238,10,232,230,1016.53037313142,1356,12,1,0.0294344252941741
4,4,4,4,3,4,4,4,3,3,2,3,3,3,3,1,1,1,2,3,3,4,4,4,3,3,3,2,2,4,3,4,4,2,4,3,4,2,3,2,166,86,6,25,59,39,106,248,230,58,116,49,260,28,238,75,115,138,106,29,73,278,289,39,9,22,133,159,275,78,60,244,117,293,118,90,122,10,240,230,1047.11473413796,1256,12,1,0.0294239943247755
4,4,4,4,4,4,4,4,4,4,4,3,3,3,3,3,3,3,4,3,4,4,3,4,3,3,2,4,2,4,3,4,4,2,4,3,4,2,1,3,166,74,6,59,59,87,195,31,230,141,200,202,260,188,238,75,111,138,121,205,208,278,289,214,30,107,133,137,275,310,60,288,157,345,118,50,208,10,151,60,1016.40617832224,1420,12,1,0.0294120869921654
4,4,4,4,4,4,4,4,4,4,4,4,4,3,4,3,3,3,4,2,3,3,4,4,4,3,2,4,4,4,3,4,4,4,4,3,4,4,3,3,166,58,110,59,173,87,98,31,101,78,316,202,295,188,238,125,87,138,27,194,208,278,289,87,30,64,133,288,358,310,258,288,283,345,118,50,290,81,307,333,1016.40075975408,1469,12,1,0.0294120084283963
4,4,4,4,4,4,4,4,4,4,4,4,4,4,3,3,3,3,4,3,4,4,4,2,4,3,4,4,4,3,4,4,4,3,4,3,3,4,3,3,189,114,20,59,34,87,83,54,26,51,29,57,182,186,217,125,83,89,281,11,149,158,16,53,84,64,20,288,218,109,173,174,331,166,346,50,315,81,260,19,1016.40023057124,1480,11,1,0.0294119015045772
4,4,4,4,4,4,4,4,4,4,4,4,4,4,4,4,3,3,4,3,4,4,4,4,4,3,4,4,4,3,4,4,3,3,4,3,2,4,3,3,166,114,20,59,34,87,67,54,26,51,29,57,188,186,217,125,83,89,281,40,149,158,16,66,84,64,20,288,218,127,173,174,331,345,346,50,315,81,43,19,1016.40014403991,1520,11,1,0.0294117687114257
4,4,4,4,4,4,4,4,4,4,4,4,4,4,4,4,3,3,4,4,4,4,4,4,4,3,4,4,4,4,4,4,3,4,4,3,3,4,3,3,166,114,20,59,34,87,83,54,50,51,29,57,33,344,238,125,83,89,281,194,149,158,229,198,87,64,133,288,218,127,173,174,331,345,346,50,315,81,247,212,1016.40014392488,1540,13,1,0.0294117661751109
4,4,4,4,4,4,4,4,4,4,4,4,4,4,4,4,4,4,4,3,4,4,4,4,4,4,4,4,4,4,4,4,3,3,4,4,4,3,3,3,131,253,203,25,59,128,78,24,26,339,303,287,260,227,238,204,241,254,31,205,96,264,76,135,85,1,311,109,353,296,324,152,283,14,118,131,329,338,206,294,1016.40013824141,1560,12,1,0.0294117661751109
4,4,4,4,4,4,4,4,4,4,4,4,4,4,4,4,4,4,4,3,4,4,4,4,4,4,4,4,4,4,4,4,3,3,4,4,4,3,3,3,131,253,203,25,59,128,78,24,26,339,303,287,260,227,238,204,241,254,31,205,96,264,76,135,85,1,311,109,353,296,324,152,283,14,118,131,329,338,206,294,1016.40013824141,1560,12,1,0.0294117647477456
4,4,4,4,4,4,4,4,4,4,4,4,4,4,4,4,3,3,4,3,4,4,4,4,4,3,4,4,4,3,4,4,3,3,4,3,2,4,3,3,166,114,20,59,34,87,67,54,26,51,29,57,188,186,217,125,83,89,281,40,149,158,16,66,84,64,20,288,218,127,173,174,331,345,346,50,315,81,43,19,1016.40014403991,1520,11,1,0.0294117647356193
4,4,4,4,4,4,4,4,4,4,4,4,4,4,4,4,3,3,4,4,4,4,4,4,4,3,4,4,4,4,4,4,3,4,4,3,3,4,3,3,166,114,20,59,34,87,83,54,50,51,29,57,33,344,238,125,83,89,281,194,149,158,229,198,87,64,133,288,218,127,173,174,331,345,346,50,315,81,247,212,1016.40014392488,1540,13,1,0.0294117647356193
2,4,3,3,2,2,2,2,2,2,2,1,2,1,2,1,2,1,1,2,4,1,4,2,1,3,4,2,1,2,2,2,2,2,4,4,1,2,3,4,183,89,43,81,52,160,174,90,61,10,120,206,152,185,290,264,62,84,197,138,22,34,299,41,69,275,323,262,174,110,289,360,322,290,148,99,269,208,185,297,1554.49937886612,998,15,1,0.028641538167926
1,2,1,2,2,2,1,2,1,1,1,1,1,1,2,1,2,1,1,2,1,4,3,2,4,3,3,3,4,1,3,2,3,2,2,2,3,3,3,4,40,107,24,80,7,53,149,36,76,93,152,31,156,197,120,45,109,201,14,261,111,53,149,193,32,232,76,174,359,351,304,125,110,17,323,145,297,92,164,239,3606.35758161223,924,13,1,0.0277399909804557
1,2,3,2,2,2,1,2,1,1,1,1,3,1,2,1,2,1,1,2,1,4,3,2,4,3,3,3,4,1,3,2,3,2,2,2,3,3,3,4,40,107,24,80,7,53,149,36,76,93,152,170,146,197,120,108,109,201,14,261,111,124,149,193,32,232,76,174,359,351,304,125,110,17,267,145,297,92,164,239,2903.43127236491,952,13,1,0.027616851347803
1,2,2,2,2,2,2,1,1,1,1,1,1,1,2,1,1,1,1,1,1,4,2,2,4,2,3,1,1,4,3,2,1,4,2,4,2,3,2,4,76,107,24,46,7,111,313,90,11,276,232,31,319,197,297,45,284,66,305,134,43,156,188,214,32,88,55,284,98,193,341,198,52,3,170,268,193,92,235,239,3018.17173397639,921,17,1,0.0275050890296463
2,4,3,3,3,2,2,2,1,2,1,1,2,1,1,1,1,1,1,1,4,4,4,1,3,4,4,2,4,3,2,1,3,4,1,4,3,1,4,4,50,143,78,19,41,10,177,90,20,62,236,344,186,159,189,115,100,84,19,121,45,34,344,50,69,324,31,262,204,194,351,95,9,150,111,40,121,296,243,102,1670.70859989921,994,17,1,0.0269735736103158
4,4,2,2,2,2,2,2,1,1,1,1,1,2,1,1,1,1,2,1,1,4,3,3,4,2,3,4,4,2,3,1,3,1,2,4,2,2,3,2,76,107,163,235,7,111,313,9,65,93,232,48,151,215,156,45,125,258,131,134,111,106,149,26,53,187,112,134,300,296,177,198,52,11,267,46,95,301,164,287,1969.89706938899,992,15,1,0.0266836143310076
4,4,2,2,1,1,1,1,1,1,1,1,1,1,1,1,1,1,1,1,3,4,4,3,4,3,4,3,3,3,4,3,3,4,4,3,3,3,1,4,48,34,24,19,63,5,3,4,12,11,0,193,232,230,155,119,87,84,10,32,40,255,85,152,172,291,283,358,310,226,304,185,234,277,290,210,149,328,120,112,2738.14066256215,974,14,1,0.0258816129472333
4,4,4,4,3,4,4,4,3,3,2,3,3,2,3,1,1,1,2,3,3,4,4,4,3,3,3,2,2,4,3,4,4,3,4,3,4,2,3,2,166,86,6,25,59,306,106,248,230,58,116,49,260,188,238,75,115,138,106,29,73,278,289,39,9,22,133,159,275,78,60,244,117,293,118,90,122,10,151,230,1047.16204237043,1245,12,1,0.0254904933761876
4,4,4,4,4,4,4,4,3,4,4,3,3,3,3,2,2,1,2,2,2,4,3,2,3,3,4,4,4,3,3,4,4,3,2,3,4,3,3,2,140,86,40,86,59,129,89,106,271,10,60,220,260,193,238,142,115,117,18,29,43,178,147,54,9,22,29,192,292,305,60,35,40,345,271,154,238,249,151,206,1020.31175419316,1322,11,1,0.0254710275654886
4,4,4,3,3,3,2,3,2,2,3,3,2,1,2,1,2,1,1,2,4,4,4,3,4,3,2,3,4,3,3,3,3,4,4,3,2,1,4,4,183,239,43,160,130,133,128,105,61,340,129,325,2,203,110,119,62,84,251,101,34,77,166,42,125,275,23,331,211,234,217,253,88,165,14,13,56,216,103,333,1113.252836338,1107,15,1,0.0246711624033443
2,2,2,2,2,2,2,2,1,1,1,1,1,2,1,1,1,1,2,1,3,4,3,4,4,3,2,4,4,2,3,3,2,2,2,3,4,4,3,2,76,4,80,43,7,111,313,9,31,93,292,297,151,118,156,45,125,80,119,134,266,106,161,167,53,187,112,284,300,74,223,68,53,273,267,47,205,222,338,99,2590.25933697791,930,16,1,0.0240144341231596
1,2,2,2,2,2,2,1,1,1,1,1,1,1,2,1,1,1,1,1,1,4,2,2,4,2,3,1,1,4,3,2,1,4,2,4,2,3,2,4,76,107,24,46,7,111,313,90,11,276,232,31,319,197,297,45,284,66,305,134,43,156,188,214,32,88,55,284,98,193,341,198,52,3,170,268,193,92,235,239,3018.17173397639,921,17,1,0.0239794456612241
4,4,1,2,2,2,3,2,1,1,2,1,1,1,2,1,2,1,1,2,1,4,4,1,4,3,3,3,4,1,4,2,3,2,2,2,3,3,3,4,40,107,24,2,7,53,149,36,76,47,236,31,146,197,120,45,109,201,14,261,111,53,149,193,32,232,76,174,347,351,304,125,110,17,267,145,297,92,164,239,2335.92469574626,1006,13,1,0.0238652414064009
2,4,2,3,2,2,2,2,2,2,2,1,1,1,1,1,2,1,1,2,4,1,2,3,3,3,4,4,4,2,4,2,3,2,2,1,1,4,4,4,183,89,78,27,41,28,217,41,20,300,75,203,126,30,285,144,62,84,122,121,80,34,240,253,69,156,168,262,33,94,293,323,9,290,254,144,317,208,185,311,1795.79801600321,981,16,1,0.0230979384321176
1,4,2,2,2,2,2,2,1,1,1,1,1,2,1,1,1,1,2,1,3,4,3,4,4,3,2,4,4,2,3,3,2,2,2,3,4,4,3,2,76,4,80,43,7,111,313,9,31,93,292,297,151,118,156,45,125,80,119,134,266,106,161,167,53,187,112,284,300,74,223,68,53,273,267,47,205,222,338,99,2348.27624493648,958,16,1,0.0226965266548877
4,4,4,4,3,3,3,3,2,2,2,3,2,1,2,1,2,1,3,2,4,4,2,2,4,3,2,3,3,3,3,3,3,4,2,1,2,1,4,4,183,239,43,160,130,160,277,196,61,340,129,325,2,203,181,119,62,84,357,101,60,262,166,32,125,275,323,341,338,234,267,253,257,165,360,343,56,306,168,359,1063.75896811045,1141,15,1,0.0226724286186939
4,4,4,3,3,2,3,2,2,2,3,1,2,2,2,1,1,1,1,2,4,4,4,4,4,3,4,3,2,3,3,3,4,4,4,1,3,4,3,4,183,241,114,160,130,38,128,32,61,340,343,325,2,203,107,119,111,84,92,101,242,262,166,63,125,257,184,331,61,234,147,336,120,165,14,239,56,306,168,138,1152.23897125482,1082,16,1,0.0225144593510877
2,4,2,3,2,2,2,2,2,2,2,1,2,1,1,1,2,1,1,2,4,1,4,3,3,3,4,4,4,2,4,2,3,2,2,1,1,4,4,4,183,89,78,27,41,28,217,41,20,300,61,203,126,30,285,144,62,84,95,121,80,34,240,253,69,156,168,262,307,94,293,323,9,290,254,144,1,208,185,311,1763.32704098215,984,16,1,0.0222976103190766
4,4,4,4,3,2,2,4,3,3,2,3,3,3,3,2,1,1,2,3,3,4,4,4,3,3,3,2,4,4,3,4,4,4,4,3,4,2,3,3,166,104,6,25,59,129,106,248,230,239,116,49,48,188,238,75,115,138,257,29,73,201,289,39,47,22,133,159,275,78,42,244,117,293,118,90,122,10,151,230,1079.69591333569,1197,13,1,0.0221954705906236
2,3,1,2,2,2,1,2,1,1,1,1,1,1,2,1,2,1,1,2,1,4,3,2,4,3,3,3,4,1,3,2,3,2,2,2,3,3,3,4,40,107,24,80,7,53,149,36,76,93,152,31,156,197,120,45,109,201,14,261,111,53,149,193,32,232,76,174,359,351,304,125,110,17,323,145,297,92,164,239,3144.40486640965,938,13,1,0.0220497677930537
4,4,4,3,3,2,2,3,2,2,3,3,2,2,1,1,2,1,2,2,3,4,4,3,4,4,2,3,4,2,3,4,3,2,3,3,4,3,4,4,183,239,43,160,130,133,128,105,61,230,129,206,2,203,110,119,62,84,357,101,34,262,166,42,136,275,23,331,211,119,267,253,164,165,14,13,56,216,22,333,1134.6824525004,1099,16,1,0.022001509934872
4,4,4,4,4,4,4,4,3,3,4,3,3,3,3,2,2,1,2,3,2,4,4,2,3,3,4,4,4,3,3,4,4,3,4,3,4,3,3,2,140,86,40,86,59,129,89,106,271,10,43,44,260,193,238,142,115,117,18,29,43,178,147,54,9,22,29,192,292,305,60,35,40,345,245,154,238,115,151,206,1020.33423683468,1313,11,1,0.0218363457864027
4,4,4,4,3,3,3,3,2,2,3,3,2,1,2,3,2,1,1,2,4,4,2,2,4,3,3,3,3,3,4,1,2,4,2,1,2,1,4,4,183,266,43,279,130,160,277,133,61,340,129,325,2,203,181,252,352,84,210,101,60,91,166,41,125,275,323,119,338,234,175,253,257,165,148,99,56,325,321,247,1058.81810081548,1152,16,1,0.0217908767116137
1,1,2,2,1,1,1,1,1,1,1,1,1,1,1,1,1,1,1,1,4,4,4,3,4,3,4,3,3,3,4,3,3,4,4,3,3,3,1,4,48,34,24,19,63,5,3,4,12,11,0,193,232,230,155,119,87,84,10,32,40,255,85,152,172,291,283,358,174,226,304,185,234,277,290,210,149,328,120,112,4046.9219794558,906,14,1,0.02144701378667
4,4,4,4,4,4,4,3,4,4,3,3,3,3,4,3,2,2,2,1,3,4,4,4,3,3,3,2,4,1,3,4,4,4,2,2,1,2,3,1,157,86,6,86,59,129,246,14,85,12,60,56,260,209,238,202,115,117,18,29,23,265,128,39,9,163,82,187,292,167,60,244,117,345,265,5,238,10,151,230,1018.51214558547,1333,11,1,0.0213099002298699
4,4,4,4,4,3,4,4,3,4,2,2,3,3,4,3,2,1,2,3,3,4,4,4,3,3,4,2,4,4,3,4,4,4,2,3,4,3,3,2,166,86,6,25,59,129,149,248,230,17,60,49,260,209,238,75,115,138,106,29,264,173,289,39,9,22,82,187,275,183,137,279,117,197,306,90,238,10,151,230,1025.14898692062,1302,11,1,0.0212152519410512
4,4,4,4,3,3,4,4,3,3,2,3,3,3,3,1,1,1,2,3,3,4,4,4,3,3,3,2,4,4,3,4,2,4,2,3,4,2,3,3,166,86,6,25,59,129,172,133,230,58,116,49,260,188,238,75,115,138,22,29,73,206,289,39,9,264,133,81,45,78,126,212,117,293,274,90,122,10,151,230,1050.68036356137,1236,11,1,0.0210097400136813
4,4,4,4,4,4,4,4,3,4,4,3,3,3,3,2,2,2,2,3,2,4,4,2,3,3,4,4,4,3,3,4,4,3,4,3,4,3,1,2,140,86,40,86,59,129,89,106,271,10,60,44,260,193,238,142,115,117,18,29,43,178,250,54,294,22,29,192,292,305,60,35,40,345,271,154,238,115,151,206,1016.57229002012,1336,12,1,0.0206050481550035
4,4,3,3,2,3,2,2,2,2,3,1,2,1,2,1,2,1,3,2,4,3,4,3,3,3,4,4,2,2,4,2,3,4,4,1,1,2,3,4,183,89,43,70,130,160,44,90,61,10,120,206,152,203,206,149,62,84,357,101,80,34,166,41,69,282,323,210,355,94,175,61,322,290,11,166,269,208,185,297,1333.75881902773,1065,14,1,0.0205869779179255
1,1,2,2,2,2,2,1,1,1,1,1,1,1,2,1,1,1,1,1,1,4,2,2,4,2,3,1,1,4,3,2,1,4,2,4,2,3,2,4,76,107,24,46,7,111,313,90,11,276,232,31,319,197,297,45,284,66,305,134,43,156,188,214,32,88,55,284,98,193,341,198,52,3,170,268,193,92,235,239,3392.8381238535,918,17,1,0.0203394225349186
1,2,1,2,2,2,1,2,1,1,1,1,1,1,2,1,2,1,1,2,1,4,3,2,4,3,3,3,4,1,3,2,3,2,2,2,3,3,3,4,40,107,24,80,7,53,149,36,76,93,152,31,156,197,120,45,109,201,14,261,111,53,149,193,32,232,76,174,359,351,304,125,110,17,323,145,297,92,164,239,3606.35758161223,924,13,1,0.0202411100962397
1,2,2,2,1,1,1,1,1,1,1,1,1,1,1,1,1,1,1,1,3,2,2,4,4,2,1,3,4,4,2,3,3,4,4,4,2,3,4,3,43,107,24,49,63,5,51,65,14,19,314,254,232,176,153,131,173,29,10,188,330,60,168,17,3,291,72,358,310,226,304,147,110,277,169,78,132,220,279,178,3684.65692603024,909,17,1,0.0202411100962397
2,4,2,2,2,2,2,1,1,1,1,1,1,2,2,2,1,1,2,1,1,4,2,2,4,2,3,1,4,1,3,2,3,4,2,4,2,3,1,2,76,107,163,235,7,111,313,9,46,93,232,166,146,197,156,45,160,258,305,134,111,139,149,214,32,152,112,284,300,205,177,198,52,11,267,56,98,222,164,16,2249.28224418015,964,15,1,0.0200439335002612
4,4,3,3,2,2,2,2,2,2,2,1,2,1,2,1,2,1,2,2,4,1,4,3,3,3,4,3,3,2,2,2,2,2,4,4,1,1,3,4,183,89,43,81,52,160,274,90,61,10,120,206,152,117,358,264,62,84,357,141,238,34,299,41,69,275,323,262,307,110,175,15,322,290,148,99,269,208,185,297,1382.07547127634,1032,16,1,0.01995277801016
2,4,2,2,2,2,2,1,1,1,2,1,1,2,2,1,1,1,2,2,1,4,2,2,2,2,3,1,4,3,3,2,3,4,2,4,2,3,1,2,76,107,163,235,7,106,313,9,65,93,232,48,146,197,104,45,215,258,305,134,111,139,312,214,32,152,112,284,300,296,177,198,52,11,267,268,95,222,164,239,2201.09917105306,967,15,1,0.0198087145317876
2,2,2,2,1,1,1,1,1,1,1,1,1,1,1,1,1,1,1,1,3,2,2,4,4,1,1,3,4,4,4,3,3,4,4,3,2,3,4,3,43,107,24,49,63,5,51,65,14,19,6,254,232,230,153,131,173,29,10,161,330,60,270,17,3,291,72,358,310,226,304,147,110,277,169,78,11,174,279,178,3440.53067309168,912,15,1,0.0194622887736376
4,4,4,4,3,2,3,2,3,3,2,3,3,2,3,1,1,1,2,3,3,4,4,4,3,3,4,2,4,4,3,2,4,4,2,3,4,2,3,3,166,86,6,38,59,129,106,133,230,58,196,49,260,188,238,75,115,138,22,29,73,206,289,39,9,22,133,81,45,78,126,212,117,293,118,90,23,10,151,230,1083.77186363027,1163,12,1,0.0190287444055652
2,3,3,2,3,2,2,2,3,2,1,1,2,1,1,1,1,1,1,1,4,4,4,1,3,3,4,2,4,3,2,3,3,4,1,4,2,1,4,4,183,297,78,256,41,28,2,90,20,250,61,344,186,159,301,115,62,84,357,82,287,34,344,194,69,324,276,262,28,330,52,172,216,346,111,271,304,296,243,52,2000.9698058827,977,18,1,0.0182972512470404
2,2,2,2,2,1,2,2,1,1,1,2,1,2,1,1,1,1,1,1,2,4,3,3,4,2,1,4,2,3,3,4,4,4,1,2,4,3,3,1,76,107,57,77,7,111,313,9,65,62,232,48,151,140,151,269,125,258,131,134,111,106,149,26,53,54,68,284,300,296,177,140,52,154,344,141,95,222,317,283,2856.14025811278,927,15,1,0.0182631114943255
1,4,3,2,2,2,1,2,1,1,1,1,3,1,2,1,2,1,1,2,1,4,3,2,4,3,3,3,4,1,3,2,3,2,2,2,3,3,3,4,40,107,24,80,7,53,149,36,76,93,152,170,146,197,120,108,109,201,14,261,111,124,149,193,32,232,76,174,359,351,304,125,110,17,267,145,297,92,164,239,2406.65623500667,983,13,1,0.0181921611952012
4,4,4,4,3,3,3,3,3,2,3,3,4,2,2,1,2,1,1,2,4,4,2,2,4,3,2,3,3,1,2,2,2,4,2,1,4,1,4,4,183,330,43,81,130,160,66,196,61,340,129,184,2,203,84,119,62,84,219,101,60,91,166,41,125,275,323,119,338,234,175,298,257,165,148,99,56,325,332,318,1049.09470980891,1183,15,1,0.0180783138765025
4,4,3,4,3,2,3,2,3,3,2,3,3,3,3,1,1,1,2,3,3,4,4,4,3,3,3,2,4,4,3,2,4,4,2,3,4,2,3,3,166,157,6,25,59,129,40,133,230,58,116,49,260,188,238,75,115,138,22,192,73,206,289,39,9,22,133,81,45,78,126,212,117,293,118,90,122,10,151,230,1216.31455824171,1154,11,1,0.0179613021312031
4,1,4,2,3,2,1,2,3,3,2,3,3,3,3,1,1,1,2,3,3,4,4,4,3,3,3,2,4,4,3,2,4,4,2,3,4,2,3,3,166,86,6,25,59,129,106,133,96,58,116,49,260,188,238,75,115,116,22,29,73,206,289,39,9,22,133,81,45,78,126,212,117,293,118,90,122,10,151,230,2301.46734986427,1095,11,1,0.0178214469033024
1,4,3,2,2,2,3,1,2,2,2,1,2,1,1,1,2,1,1,2,4,4,4,3,4,4,4,3,3,2,2,2,4,1,4,4,1,2,3,4,183,89,3,81,130,138,160,90,16,10,54,217,246,203,164,220,207,72,97,96,172,289,152,85,241,33,323,127,307,323,64,61,211,359,148,310,4,208,13,236,2060.03584255118,989,14,1,0.017518193428225
4,4,4,4,3,2,3,2,3,3,3,3,2,3,3,1,1,1,2,3,3,4,4,4,3,3,3,2,4,4,3,2,4,4,2,3,4,2,3,3,166,86,6,73,59,129,106,133,230,58,116,49,260,188,238,75,115,138,22,29,73,206,289,39,9,22,133,81,45,78,126,212,117,293,118,90,122,10,151,230,1082.93213364441,1174,13,1,0.017230141717573
1,1,3,2,2,2,1,2,1,1,1,1,1,1,2,1,2,1,1,2,1,4,3,2,4,3,3,3,4,1,3,2,3,2,1,2,3,3,3,4,40,107,24,80,7,53,149,36,117,93,152,31,146,197,120,45,109,201,14,261,91,53,21,193,32,232,76,174,359,351,103,125,110,17,267,145,297,92,164,239,3332.39741258257,935,13,1,0.0170950752629084
4,4,4,4,3,2,4,3,3,3,2,3,3,3,3,1,1,1,2,3,3,4,4,4,3,3,2,2,4,4,3,4,4,4,2,3,4,2,3,3,166,86,6,25,59,129,106,133,230,58,116,49,260,188,238,75,115,138,22,29,73,206,289,302,9,22,133,81,45,78,126,212,117,293,118,90,122,10,151,230,1076.71481308029,1205,12,1,0.0170377071094005
1,1,1,2,2,2,1,2,1,1,1,1,1,1,2,1,2,1,1,2,1,4,3,2,4,3,3,3,4,1,3,4,3,2,2,2,3,3,3,4,40,107,24,80,7,53,149,36,76,93,152,31,156,197,120,45,109,201,14,261,111,53,149,193,32,232,76,174,359,351,149,125,110,17,323,145,297,92,164,239,3981.02397145718,921,13,1,0.0170352490807877
4,4,4,3,2,2,3,2,2,2,3,1,2,2,2,1,1,1,1,2,4,4,4,4,4,3,4,3,4,4,3,3,2,4,4,1,4,4,4,4,90,241,155,160,130,180,128,32,61,340,343,325,2,203,82,119,111,84,357,101,160,262,166,63,125,71,184,7,61,254,348,336,223,74,14,239,56,306,168,138,1205.3614714838,1071,18,1,0.0169741952865506
4,4,4,4,3,3,3,3,2,2,3,3,4,2,2,1,2,1,1,2,4,4,2,2,4,3,2,3,1,3,2,2,2,4,2,1,4,1,4,4,183,330,43,81,130,160,66,196,61,340,129,325,201,203,181,119,62,84,89,101,60,91,166,41,335,275,323,119,338,234,175,298,257,165,148,99,56,325,29,318,1050.72523022276,1172,15,1,0.0168841820729573
2,4,3,3,3,2,2,2,2,2,1,1,2,1,1,1,1,1,1,1,4,4,4,1,3,3,4,2,4,3,2,3,3,4,1,4,3,1,4,4,183,146,78,17,41,10,245,90,20,250,61,344,186,159,161,115,39,84,357,121,45,34,344,206,69,324,31,262,28,330,289,95,9,150,111,271,136,296,243,52,1597.07766913534,997,18,1,0.0168025844419263
2,3,3,3,2,2,2,2,1,1,2,1,2,1,1,2,1,1,2,2,1,1,4,3,3,3,4,4,4,3,4,4,3,2,3,3,4,1,4,4,183,336,78,84,85,28,177,90,20,341,218,203,152,187,191,350,62,84,357,321,80,225,299,322,53,78,168,262,96,330,175,338,9,150,254,328,147,208,265,52,2036.6101270002,972,17,1,0.0167462706650648
4,4,4,3,3,3,2,3,2,2,3,3,2,3,2,1,2,1,1,2,4,4,2,3,4,3,2,3,4,3,3,3,3,4,4,3,2,1,4,4,183,239,43,160,130,133,128,15,61,340,129,325,2,203,110,119,219,84,357,101,34,262,166,42,125,214,23,331,211,234,217,253,88,165,14,151,56,216,22,333,1099.00067006171,1121,18,1,0.0167368563350098
1,2,2,2,2,2,2,2,1,1,3,1,1,2,1,1,3,1,2,1,3,4,3,1,4,3,2,2,4,2,4,3,2,2,4,3,2,4,3,2,76,4,87,213,7,111,76,9,31,255,292,11,229,118,156,45,125,80,119,134,63,242,161,121,53,321,112,284,356,217,223,68,53,273,113,47,235,339,338,99,2784.88713761255,955,14,1,0.0164961640726858
4,4,3,3,2,3,3,3,2,2,3,3,2,1,2,1,2,2,1,2,4,4,3,2,4,3,4,3,3,2,4,2,2,1,4,1,1,3,3,4,183,89,43,81,130,160,277,196,61,10,120,68,2,203,301,149,159,84,193,101,60,34,166,46,125,275,323,119,338,94,175,78,243,290,148,99,113,208,321,318,1279.02101752793,1090,14,1,0.0164090280675064
4,4,4,4,3,4,4,4,3,3,2,3,3,3,3,1,1,1,2,3,3,4,4,4,3,3,3,2,2,4,3,4,4,2,4,3,4,2,3,2,166,86,6,25,59,39,106,248,230,58,116,49,260,28,238,75,115,138,106,29,73,278,289,39,9,22,133,159,275,78,60,244,117,293,118,90,122,10,240,230,1047.11473413796,1256,12,1,0.0163194122483348
4,4,4,4,3,2,4,4,3,3,2,3,3,3,3,1,1,1,2,3,3,4,4,4,3,3,3,2,4,4,3,4,4,4,2,3,4,2,3,3,166,86,6,25,59,129,106,133,170,58,116,49,260,188,238,75,115,138,22,29,73,206,289,39,9,22,133,81,45,78,126,212,117,293,118,90,122,10,151,230,1076.36436409381,1225,11,1,0.0162670649165959
4,4,4,4,4,4,4,4,4,4,3,3,3,3,4,3,2,2,2,3,3,4,4,4,3,3,4,2,4,1,3,4,4,4,2,2,4,2,3,4,126,86,6,86,59,129,100,14,130,9,60,49,260,209,238,142,115,117,18,29,23,265,289,39,9,163,210,187,292,268,209,244,117,345,271,5,238,134,232,289,1016.48463132951,1367,11,1,0.0161882952702321
4,4,4,4,4,4,4,4,4,4,3,3,3,4,4,3,3,3,4,3,4,4,4,4,4,4,2,4,4,3,3,4,3,2,4,1,3,4,3,2,166,294,20,59,38,87,25,54,270,78,217,202,43,188,238,125,83,91,281,194,149,278,289,87,30,64,133,288,218,310,173,288,146,169,118,50,95,81,344,134,1016.44882596385,1440,11,1,0.0161863138272845
4,4,4,4,4,4,4,4,4,4,3,3,3,3,4,3,4,2,2,3,3,4,4,4,3,3,3,2,4,1,3,4,4,4,2,2,4,2,3,4,157,86,6,86,59,129,100,159,130,12,60,49,260,209,238,142,115,117,18,29,23,265,289,39,9,163,82,187,292,268,60,186,117,345,271,5,238,10,151,230,1016.48117959441,1398,11,1,0.0161856797303251
4,4,4,4,4,4,4,4,4,4,3,3,3,3,4,3,2,3,2,3,4,4,3,4,3,3,2,4,2,4,3,4,2,4,4,3,4,2,3,3,166,74,6,25,59,87,149,31,230,141,91,202,260,188,238,75,115,138,106,205,166,278,289,214,266,107,133,137,275,185,60,288,283,345,118,50,208,10,151,71,1016.42174185572,1378,12,1,0.0161832682333632
4,4,4,4,4,4,4,4,3,4,3,3,3,3,4,3,2,2,2,3,3,4,4,4,3,3,4,2,4,1,3,4,4,4,2,2,4,2,3,4,126,86,6,86,59,248,100,14,130,9,39,49,260,209,238,142,115,117,18,29,23,265,289,39,9,163,210,187,292,307,183,244,117,345,271,70,238,10,232,230,1016.59541086793,1347,11,1,0.0161824475428262
4,4,4,4,4,4,4,4,4,4,4,4,3,3,4,3,2,3,4,2,3,3,3,4,4,3,2,4,3,4,3,4,3,4,4,3,4,3,3,3,166,58,20,59,173,87,98,31,244,61,316,202,260,188,238,41,111,138,328,194,208,278,289,87,30,64,133,288,275,310,258,288,283,345,118,50,290,81,307,333,1016.40483920506,1438,12,1,0.0161774163167188
4,4,4,4,4,4,4,4,4,4,3,3,3,4,4,3,2,2,2,3,3,4,4,4,3,3,3,2,4,1,3,4,4,4,2,2,4,2,3,4,157,86,6,86,59,129,100,14,130,12,60,49,260,209,238,142,115,117,18,29,23,265,289,39,9,163,82,16,292,268,60,244,117,345,271,5,238,10,151,230,1016.48444998767,1387,11,1,0.0161773628939209
4,4,4,4,4,4,4,4,4,4,4,4,3,3,4,3,3,3,4,3,4,4,4,4,4,4,2,4,4,3,3,4,3,2,4,3,3,4,3,2,166,3,20,59,38,87,25,54,270,78,217,202,43,188,238,125,83,91,281,194,149,278,289,87,30,64,133,288,218,310,173,288,146,169,118,50,245,81,344,134,1016.40154533442,1460,11,1,0.0161773617650753
4,4,4,4,4,4,4,4,4,4,4,3,3,3,4,3,2,3,2,3,4,4,4,3,3,3,2,4,2,4,3,4,4,4,4,3,4,2,3,3,166,86,6,25,59,87,149,141,230,72,2,49,260,229,238,75,115,138,106,205,166,278,289,19,266,22,133,159,275,185,60,13,302,345,260,50,208,10,151,71,1016.40840387824,1398,12,1,0.0161772410271299
4,4,4,4,4,4,4,4,4,4,4,3,3,3,3,3,3,3,4,2,4,4,3,4,3,3,2,4,2,4,3,4,4,2,4,3,4,2,1,3,166,74,6,59,59,87,103,31,230,141,91,202,260,188,238,75,111,138,121,205,208,278,155,214,30,107,133,137,275,310,60,288,157,42,118,50,208,10,151,229,1016.40645043718,1409,12,1,0.01617697557095
4,4,4,4,4,4,4,4,4,4,4,4,4,3,4,3,3,4,2,2,3,3,4,4,4,3,2,4,3,4,3,4,4,4,4,3,4,4,3,3,166,58,20,59,173,87,98,31,244,78,316,202,295,188,238,125,87,138,27,194,208,278,289,87,30,269,133,288,275,310,258,288,283,345,118,50,290,81,307,333,1016.4013918367,1458,12,1,0.0161765667442551
4,4,4,4,4,4,4,4,4,4,4,3,3,3,3,3,3,3,4,2,4,4,3,4,3,3,2,4,2,4,3,4,4,2,4,3,4,2,1,3,166,74,6,59,59,87,103,31,230,141,91,202,260,188,238,75,111,138,121,205,208,278,155,214,30,107,133,137,275,310,60,288,157,42,118,50,208,10,151,229,1016.40645043718,1409,12,1,0.016176540932484
4,4,4,4,4,4,4,4,4,4,3,3,3,3,4,3,2,2,2,3,3,4,4,4,3,3,4,2,4,1,3,4,4,4,2,2,4,2,3,4,126,86,6,86,59,129,100,14,130,9,60,49,260,209,238,142,115,117,18,29,23,265,289,39,9,163,210,187,292,268,209,244,117,345,271,5,238,134,232,289,1016.48463132951,1367,11,1,0.016176517466792
4,4,4,4,4,4,4,4,4,4,4,4,4,4,3,3,3,3,4,3,4,4,4,2,4,3,4,4,4,3,4,4,4,3,4,3,3,4,3,3,189,114,20,59,34,87,83,54,26,51,29,57,182,186,217,125,83,89,281,11,149,158,16,53,84,64,20,288,218,109,173,174,331,166,346,50,315,81,260,19,1016.40023057124,1480,11,1,0.0161764889518461
2,4,3,3,2,2,2,2,2,2,1,1,2,2,1,1,2,1,1,2,4,3,3,3,3,3,4,4,2,4,4,4,2,3,2,2,3,4,1,4,183,89,78,27,41,28,217,41,20,10,61,203,126,30,211,251,112,72,95,121,80,195,240,253,197,156,168,262,307,94,250,328,155,290,254,144,1,130,185,311,1620.78839053677,995,15,1,0.0158460157287323
4,4,4,3,3,2,2,3,2,2,2,3,2,1,2,1,2,1,1,2,3,4,4,3,4,3,2,3,4,3,3,3,3,4,4,3,2,1,4,4,183,239,43,160,130,133,128,105,61,340,129,325,2,203,110,119,62,84,357,101,34,262,166,42,125,275,23,331,211,234,267,253,88,165,14,312,56,343,22,333,1140.88592728411,1085,18,1,0.0157175700643213
4,4,4,4,3,3,3,3,2,2,3,2,4,2,2,1,2,1,1,2,4,4,2,2,4,3,2,3,3,3,2,2,4,4,2,1,2,1,4,4,183,330,43,81,130,160,277,196,61,340,129,325,2,203,181,119,62,84,357,101,60,91,120,41,125,275,323,344,338,234,175,253,257,165,148,99,56,325,321,318,1053.41802691221,1161,18,1,0.0153273765722267
4,4,4,2,2,2,2,2,2,2,2,1,2,1,1,1,2,1,1,2,4,1,4,3,4,3,4,4,2,2,4,2,3,2,4,1,1,1,3,4,183,89,9,81,41,160,274,90,61,10,120,203,152,159,301,350,62,84,357,101,80,34,299,41,69,156,168,262,307,94,175,61,322,290,320,306,263,208,185,311,1359.32978884811,1035,18,1,0.0151506924240247
4,4,3,3,2,3,3,3,2,2,3,3,2,1,2,1,2,2,1,2,4,4,3,2,4,3,4,3,3,2,4,2,2,1,4,1,1,3,3,4,183,89,43,81,130,160,277,196,61,10,120,68,2,203,301,149,159,84,193,101,60,34,166,46,125,275,323,119,338,94,175,78,243,290,148,99,113,208,321,318,1279.02101752793,1090,14,1,0.0151496752437175
2,2,1,2,2,1,1,2,2,1,1,1,1,1,2,2,2,1,1,2,1,2,3,2,4,3,3,3,4,2,3,2,4,2,4,2,3,3,3,4,40,107,24,80,7,53,149,36,76,93,152,31,146,197,97,45,109,201,14,165,111,53,149,193,32,232,76,174,359,351,304,125,110,170,267,145,297,165,164,239,3488.83127116955,930,13,1,0.015127809985598
2,4,4,3,2,2,2,2,2,2,1,1,2,1,1,1,2,1,1,2,4,3,3,2,3,3,4,4,2,2,4,2,3,3,2,2,2,4,1,4,183,89,78,27,41,28,217,41,20,10,61,203,126,30,285,187,62,84,95,121,80,34,240,253,197,156,168,262,307,94,175,328,9,290,254,144,1,208,185,311,1513.89345742453,1012,16,1,0.0150381267126186
4,4,4,2,3,2,1,1,3,3,2,3,3,3,3,1,1,1,2,3,3,4,4,4,3,3,3,2,4,3,3,2,4,1,2,3,4,2,3,3,166,86,6,25,59,129,106,133,96,58,116,49,260,188,238,75,115,116,22,29,73,206,289,39,9,22,133,81,265,78,126,69,168,293,118,90,122,10,151,230,1602.43118979551,1126,12,1,0.0149529718217227
2,3,2,2,3,2,2,2,1,2,1,1,2,1,1,1,1,1,1,1,4,4,4,1,3,3,4,2,4,3,2,3,3,4,1,4,3,1,4,4,183,61,78,256,41,28,2,90,20,250,61,344,186,159,301,115,62,84,357,82,287,34,344,194,69,324,276,262,28,330,52,160,216,346,111,271,304,296,243,52,2272.67413743748,952,18,1,0.0147257053275818
1,2,2,2,2,1,2,2,1,1,1,1,1,2,1,1,1,1,1,1,3,4,3,2,4,2,2,4,4,3,3,4,3,4,2,4,4,3,3,2,76,107,248,235,7,111,313,9,65,93,232,48,151,140,151,45,125,258,131,134,111,106,149,26,53,328,68,284,300,296,177,198,52,11,267,152,95,222,317,287,3201.25707874544,921,15,1,0.0146968266165831
2,4,4,3,2,2,2,2,2,2,1,1,2,1,1,1,2,1,1,1,4,3,4,3,3,3,4,4,4,2,4,2,3,3,2,1,1,4,1,4,183,89,78,27,41,28,217,41,20,10,61,203,126,30,285,350,62,84,95,121,80,34,240,253,197,156,168,262,307,94,175,328,9,290,254,144,1,208,185,311,1518.3091782797,1009,18,1,0.0144208456230029
2,4,4,3,2,3,2,2,2,2,2,1,2,1,1,1,2,1,1,2,4,3,3,3,3,3,4,4,4,3,4,2,3,2,3,1,1,4,4,4,183,89,68,27,41,28,217,41,187,10,61,203,126,30,285,116,62,79,50,339,80,34,240,253,69,334,168,262,307,94,175,328,9,290,254,144,1,239,185,311,1418.57119311076,1026,16,1,0.0140831134918478
2,2,2,2,1,1,1,1,1,1,1,1,1,1,1,1,2,1,1,1,2,2,2,4,4,2,4,3,4,4,2,3,3,4,4,4,2,3,4,3,43,107,24,49,63,5,51,65,14,19,333,254,232,230,153,131,173,29,10,161,330,60,168,17,3,341,72,212,310,226,304,147,110,277,169,78,132,220,279,178,3424.44741231488,915,18,1,0.0138731928463679
4,4,4,4,3,2,4,4,3,3,2,3,3,3,2,1,1,1,2,3,3,4,4,4,3,3,3,2,4,4,4,4,4,4,2,3,4,2,3,3,166,86,60,25,59,129,106,133,230,58,51,49,260,188,238,75,115,138,22,29,73,206,289,39,9,22,133,81,45,78,126,212,117,253,118,90,122,10,151,230,1076.19189799245,1214,13,1,0.0138418992862166
4,4,4,3,3,2,2,3,2,2,3,3,2,1,2,1,2,1,3,2,4,4,4,3,4,3,2,3,4,3,3,3,3,4,4,3,2,1,4,4,183,239,43,160,130,133,128,105,61,9,129,325,2,203,110,119,62,84,357,101,34,262,166,42,125,275,23,331,211,234,55,253,88,165,14,13,56,216,22,333,1135.78602547052,1110,14,1,0.0138209536188108
2,4,4,3,2,2,2,2,1,2,2,1,2,1,1,1,1,1,1,1,4,1,4,3,3,3,4,4,4,2,4,2,3,3,2,1,1,1,4,4,183,89,78,84,41,28,180,90,20,136,61,203,152,159,301,350,318,84,357,121,80,34,299,253,69,156,178,262,8,330,175,328,9,290,254,328,332,208,185,52,1537.48119427082,1006,18,1,0.0137672687643092
4,4,4,4,3,3,4,4,3,3,2,3,3,3,3,1,2,1,2,3,3,4,4,4,3,3,3,2,2,4,3,4,4,4,4,3,4,2,3,2,166,86,6,25,59,306,106,248,230,58,116,49,260,188,238,75,115,138,106,29,73,278,289,39,9,22,133,159,275,78,60,244,117,293,118,90,122,10,151,230,1049.01212561571,1239,13,1,0.0137349066583703
4,4,4,2,3,2,1,2,3,3,2,3,3,3,3,1,1,1,2,3,3,4,4,4,3,3,3,2,4,4,2,2,4,4,2,3,4,2,3,3,166,86,6,25,59,129,34,133,96,58,116,49,260,188,238,75,115,116,22,29,73,206,289,39,9,22,133,81,45,78,126,212,117,293,118,90,122,10,151,230,1402.38142311995,1129,11,1,0.0135870782251823
4,4,2,2,1,1,1,1,1,1,1,1,1,1,1,1,1,1,1,1,3,4,4,3,4,3,4,3,3,3,4,3,3,4,4,3,3,3,1,4,48,34,24,19,63,5,3,4,12,11,0,193,232,230,155,119,87,84,10,32,40,255,85,152,172,291,283,358,310,226,304,185,234,277,290,210,149,328,120,112,2738.14066256215,974,14,1,0.0135549876020975
2,2,2,2,2,2,2,2,1,1,1,1,1,2,2,1,1,2,2,1,1,4,2,2,2,2,3,1,4,1,3,2,3,4,4,4,2,3,1,3,76,107,186,235,7,111,68,9,65,93,232,48,146,197,156,45,125,280,131,134,85,139,149,214,32,104,112,284,23,171,177,198,52,11,267,268,95,222,164,239,2625.57254739462,936,15,1,0.0135222173042441
4,4,4,4,3,3,3,3,3,2,3,3,4,2,3,3,2,2,1,2,4,4,4,4,4,3,2,3,3,3,2,2,1,4,2,3,4,2,4,4,183,330,215,81,130,160,154,138,61,340,129,190,343,203,134,119,62,84,302,101,60,91,306,41,352,100,323,119,338,337,175,298,257,165,148,99,56,166,29,318,1038.81741931854,1211,16,1,0.0135213500583417
4,4,4,4,4,4,4,4,3,3,2,3,3,3,4,2,2,3,2,3,4,4,3,4,3,3,2,4,2,4,3,4,4,4,4,3,4,2,3,3,300,86,6,25,59,87,149,118,230,72,91,49,260,188,238,75,115,138,106,205,166,278,289,39,266,140,133,159,275,185,60,13,283,345,118,50,208,155,151,71,1017.43007338505,1316,12,1,0.0134743385589717
4,4,4,3,2,2,2,2,2,2,2,1,2,1,1,1,2,1,1,2,4,3,4,3,3,3,4,4,4,2,4,2,3,2,3,1,3,2,4,4,183,89,128,27,41,28,217,41,20,10,61,328,126,192,285,254,62,84,95,112,8,34,240,253,69,334,168,135,359,94,1,328,9,290,239,200,86,168,185,311,1243.98906210705,1046,16,1,0.0134678515969181
4,4,4,4,4,4,4,4,3,4,3,3,3,3,4,3,2,2,2,3,3,4,4,4,3,3,4,2,4,1,3,4,4,4,2,2,4,2,3,4,126,86,6,86,59,248,100,14,130,9,39,49,260,209,238,142,115,117,18,29,23,265,289,39,9,163,210,187,292,307,183,244,117,345,271,70,238,10,232,230,1016.59541086793,1347,11,1,0.0134510621553971
4,4,4,3,2,2,2,2,2,2,2,1,2,1,2,1,2,1,1,2,4,1,4,3,3,3,4,4,2,2,4,2,3,2,4,1,1,1,3,4,183,89,9,81,41,160,81,90,61,10,120,203,152,159,301,350,62,84,357,101,80,34,299,41,69,156,168,262,307,94,175,61,322,290,148,233,332,208,185,206,1240.48777976278,1049,18,1,0.0134485600495616
2,4,2,2,2,2,2,1,1,1,1,1,1,2,2,1,1,1,2,1,1,4,2,2,4,2,3,1,4,1,3,2,3,4,2,4,2,3,1,2,76,107,163,235,7,111,313,9,46,93,232,48,146,197,156,45,125,258,305,134,111,139,149,214,32,152,112,284,300,296,177,198,52,11,267,56,95,222,164,239,2261.56959795217,961,15,1,0.0133999635404559
4,4,3,3,2,3,2,2,2,2,2,3,2,1,2,1,2,1,1,2,4,1,4,3,3,2,4,4,2,2,4,2,3,1,4,1,1,1,3,4,183,89,43,81,130,160,274,90,61,10,167,206,152,203,301,264,62,84,185,101,80,34,166,41,69,275,323,262,307,94,175,61,322,290,148,99,269,208,185,297,1313.12570960483,1054,15,1,0.0133093864274886
4,4,4,4,4,4,4,4,4,4,4,4,4,2,3,3,3,3,4,3,4,4,4,2,4,3,4,4,4,3,4,4,3,3,4,3,3,4,3,3,189,278,20,110,53,112,83,54,26,51,29,57,188,186,217,125,83,89,281,194,149,158,16,66,84,64,20,288,218,109,173,174,331,166,346,50,315,81,111,19,1016.4431026727,1449,11,1,0.0132422956119581
4,4,4,4,4,4,4,4,4,4,3,3,3,3,4,3,2,3,2,3,4,4,3,4,3,3,2,4,2,4,3,4,2,4,4,3,4,2,3,3,166,86,6,25,59,87,149,31,230,141,343,202,260,188,238,75,115,138,106,205,166,278,289,214,266,22,133,137,275,185,60,13,283,345,118,50,208,10,151,71,1016.416807121,1378,14,1,0.013238476652924
4,4,4,4,4,4,4,4,4,4,4,3,3,3,4,3,2,3,2,2,4,4,3,4,3,3,2,4,2,4,4,4,2,4,4,3,4,2,3,3,166,74,6,25,59,87,195,31,230,141,91,202,260,188,238,75,115,138,106,205,166,305,289,214,266,107,133,137,275,185,60,288,283,345,118,50,208,10,151,71,1016.40943075101,1387,12,1,0.0132374664341987
4,4,4,4,4,4,4,4,4,4,4,3,3,3,4,3,3,3,4,2,4,4,3,4,4,3,2,4,2,4,3,4,4,4,4,3,4,2,3,3,166,74,6,59,59,87,195,31,230,141,91,202,260,188,238,75,111,138,226,205,208,278,289,214,30,107,133,137,320,310,60,341,283,345,118,50,208,10,151,333,1016.40520372667,1429,12,1,0.0132355460596814
4,4,4,4,4,4,4,4,4,4,4,4,4,4,3,3,3,3,2,3,4,4,4,2,4,3,4,4,3,3,4,4,3,3,4,3,3,4,3,3,189,114,20,59,34,24,83,54,273,15,29,49,182,186,217,125,83,89,281,29,149,158,16,53,84,64,20,288,218,109,173,174,331,166,346,50,315,81,260,19,1016.40117337096,1449,14,1,0.0132354575168957
4,4,4,4,4,4,4,4,4,4,4,3,3,3,4,3,3,3,4,2,4,4,3,4,4,3,2,4,2,4,3,4,4,4,4,3,4,2,3,3,166,74,6,59,59,87,195,31,230,141,91,202,260,188,238,75,111,138,226,205,208,278,289,214,30,107,133,137,320,310,60,341,283,345,118,50,208,10,151,333,1016.40520372667,1429,12,1,0.0132353883498809
4,4,4,3,2,2,2,2,1,2,2,2,2,1,1,1,1,1,1,1,4,3,4,3,4,3,4,4,4,2,4,2,3,3,2,1,1,4,4,4,183,262,265,84,41,28,177,90,20,283,61,203,152,276,301,285,62,84,19,121,80,34,299,255,69,152,168,262,8,330,295,328,245,290,254,328,332,359,185,316,1309.1813774669,1040,16,1,0.0132281453826052
4,4,4,4,4,3,4,4,3,4,2,3,3,3,2,3,2,1,2,3,3,4,4,4,3,3,4,2,4,4,3,4,4,4,2,1,4,3,3,2,166,86,8,25,59,129,149,248,230,72,60,49,260,209,242,75,115,158,106,29,264,358,289,39,9,22,82,187,275,183,137,244,117,345,118,90,238,10,151,230,1025.13986059851,1282,13,1,0.0130093636416187
2,4,4,3,2,2,2,2,2,2,2,3,2,1,1,1,2,1,1,2,4,3,4,3,3,3,4,2,4,2,4,1,3,1,3,1,3,2,4,4,183,89,128,27,41,28,217,310,276,10,297,328,126,120,285,254,62,84,95,112,13,34,240,253,69,334,108,135,227,94,1,328,9,290,239,144,86,208,185,311,1406.19118635349,1029,16,1,0.0130087358046487
4,4,4,4,3,3,3,3,3,2,3,3,4,2,2,3,2,2,1,2,4,4,2,4,4,3,2,3,3,3,2,2,1,4,2,3,4,1,4,4,183,330,43,81,130,160,66,196,61,340,129,313,2,203,181,119,62,147,357,101,60,91,166,41,125,209,323,119,338,234,175,298,257,165,148,99,56,169,29,318,1039.42570375321,1200,18,1,0.0128793441284709
4,4,4,3,2,3,2,2,2,2,2,1,2,1,1,1,2,1,1,2,4,3,3,3,4,3,4,4,4,2,4,2,3,2,3,3,1,4,4,4,183,89,225,27,41,35,217,41,20,10,61,203,126,30,285,350,62,79,95,339,80,34,240,253,69,25,168,262,307,198,175,328,9,290,69,144,48,239,185,311,1237.47535427378,1057,18,1,0.012805057572731
1,1,2,2,2,2,2,1,1,1,1,1,1,1,2,1,1,1,1,1,1,4,2,2,4,2,3,1,1,4,3,2,1,4,2,4,2,3,2,4,76,107,24,235,7,111,313,90,11,276,232,31,146,197,297,45,284,66,305,134,43,156,188,214,32,88,55,284,300,193,341,198,52,3,267,268,193,92,235,239,3411.0770622042,918,16,1,0.0125830602967492
2,2,3,3,3,2,2,2,3,2,2,1,2,1,1,1,1,1,1,1,4,4,4,2,4,3,4,2,2,4,2,3,4,3,2,4,3,1,4,4,157,129,78,19,47,28,177,90,20,164,295,344,292,159,230,115,141,106,83,20,45,34,344,56,69,91,31,262,28,330,262,95,9,150,314,271,136,296,243,52,2012.23329993952,980,17,1,0.0124773460259016
4,4,4,2,3,2,2,2,3,3,2,3,3,3,3,1,1,1,2,3,3,4,4,4,3,3,3,2,4,4,3,2,4,4,2,3,4,2,3,3,166,86,6,25,59,129,106,133,96,58,116,9,260,188,238,75,115,116,22,29,73,206,289,39,9,22,133,81,45,78,126,212,117,293,334,90,122,10,151,230,1225.08590490003,1132,11,1,0.0123992593246391
4,4,4,4,4,4,3,4,3,4,2,3,3,3,4,2,1,1,2,3,3,4,3,4,3,3,4,4,4,4,3,4,4,4,4,3,4,2,3,3,166,86,6,25,59,87,149,248,230,72,60,49,260,36,238,75,115,138,106,88,166,300,289,39,104,22,133,16,275,79,60,13,117,345,118,163,238,10,151,230,1027.56536948417,1299,12,1,0.0123965709553173
1,2,2,2,2,2,2,2,1,1,3,1,1,2,1,1,3,1,2,1,3,4,3,1,4,3,2,2,4,2,4,3,2,2,4,3,2,4,3,2,76,4,87,213,7,111,76,9,31,255,292,11,229,118,156,45,125,80,119,134,63,242,161,121,53,321,112,284,356,217,223,68,53,273,113,47,235,339,338,99,2784.88713761255,955,14,1,0.012381651889341
1,2,2,2,2,2,2,2,1,1,1,1,1,2,1,1,1,1,2,1,3,4,3,1,4,3,2,2,4,2,4,3,2,2,4,3,2,4,3,2,76,4,87,43,7,111,76,9,31,255,292,11,229,118,156,45,125,80,119,134,63,357,161,121,53,187,112,284,356,217,223,68,53,273,113,47,235,339,338,99,2832.7834842624,927,16,1,0.012381651889341
4,4,4,4,2,3,2,2,2,2,2,1,2,1,1,1,2,1,1,2,4,3,3,3,3,3,4,4,4,2,4,2,3,2,3,4,1,4,4,4,183,89,78,27,41,28,160,41,20,10,61,203,351,30,196,107,62,79,95,339,80,34,240,253,69,334,168,262,307,94,175,328,9,290,254,173,1,239,185,311,1190.72031072538,1077,16,1,0.0123632904573146
1,4,2,2,2,2,2,1,1,1,1,1,1,1,2,1,1,1,1,1,1,4,2,2,4,2,3,1,1,1,3,1,1,4,2,4,2,3,2,4,76,107,24,235,7,111,313,90,11,93,232,31,146,197,297,45,284,66,305,134,43,45,188,214,32,88,55,284,300,296,341,198,52,3,267,268,193,92,164,239,2549.70497108064,952,16,1,0.0122295481126987
4,4,4,4,3,4,4,4,3,4,3,3,3,3,3,1,1,1,2,3,3,4,4,4,3,3,3,2,4,4,3,4,4,4,4,3,4,2,3,1,166,86,6,25,59,129,106,248,230,58,116,49,260,188,238,75,115,138,106,29,73,86,289,39,9,22,133,159,275,78,290,244,117,293,118,90,122,10,151,230,1046.18070763929,1287,11,1,0.0118795870253132
2,3,1,2,2,2,1,2,1,1,1,1,1,1,2,1,2,1,1,2,1,4,3,2,4,3,3,3,4,1,3,2,3,2,2,2,3,3,3,4,40,107,24,80,7,53,149,36,76,93,152,31,156,197,120,45,109,201,14,261,111,53,149,193,32,232,76,174,359,351,304,125,110,17,323,145,297,92,164,239,3144.40486640965,938,13,1,0.0115941717367647
4,4,4,4,3,3,3,3,2,2,3,3,2,1,2,1,2,1,1,2,2,4,2,2,4,3,2,3,3,3,3,3,3,4,3,1,2,1,4,4,183,239,131,160,130,160,277,105,61,340,277,325,2,203,181,119,62,84,357,101,60,262,166,63,125,275,203,331,338,234,267,253,88,165,360,343,324,306,168,359,1066.88045363007,1138,18,1,0.0114755365572871
4,4,4,4,2,3,2,2,2,2,2,1,2,1,1,1,2,1,1,2,4,3,3,3,3,3,4,4,4,2,4,2,3,2,3,3,1,4,4,4,183,89,78,0,41,28,13,41,20,10,61,274,351,66,285,350,62,79,274,339,80,34,240,253,69,334,357,262,307,94,175,328,9,290,254,144,1,239,185,311,1182.46954820486,1077,18,1,0.0114183730432502
4,4,4,4,3,3,3,3,2,2,3,3,2,1,2,1,1,1,1,2,4,4,2,2,4,3,2,3,3,3,3,3,3,4,2,1,2,1,4,4,183,239,43,160,130,160,277,196,61,340,129,325,2,203,181,119,288,84,357,101,60,262,166,32,125,275,323,119,338,234,249,253,257,165,148,343,56,306,321,359,1074.01781359367,1135,18,1,0.0112306245400172
4,4,4,3,2,2,3,2,2,2,3,1,2,2,2,1,1,2,1,2,4,4,4,4,4,3,4,3,4,4,3,3,2,4,4,1,3,4,4,4,90,241,155,3,130,180,11,32,61,340,343,325,2,203,18,119,111,84,357,101,160,262,166,63,125,310,184,331,61,254,348,336,298,165,14,239,56,306,168,138,1201.85124526248,1074,18,1,0.0111378176534159
4,4,2,2,2,2,2,2,1,1,1,1,1,2,1,1,1,1,2,1,1,4,3,3,4,2,3,4,4,2,3,1,3,1,2,4,2,2,3,2,76,107,163,235,7,111,313,9,65,93,232,48,151,215,156,45,125,258,131,134,111,106,149,26,53,187,112,134,300,296,177,198,52,11,267,46,95,301,164,287,1969.89706938899,992,15,1,0.0109737683784196
4,4,3,3,2,3,2,2,2,2,2,1,2,1,2,1,2,1,1,2,4,1,4,4,3,3,4,4,2,2,4,3,3,4,4,1,1,1,3,4,43,89,43,81,130,160,274,90,61,10,120,206,152,203,301,264,62,84,19,101,80,34,166,41,69,275,323,262,307,94,175,61,308,290,148,99,269,208,185,234,1351.79050081323,1040,15,1,0.0109732162686065
2,4,3,2,2,2,2,1,1,1,1,2,1,2,2,1,1,1,2,1,1,4,2,2,4,2,3,1,4,1,3,2,3,4,2,4,2,3,1,2,76,107,163,235,7,111,313,9,46,93,232,48,146,287,156,45,125,258,305,134,111,139,149,214,32,152,112,284,300,296,177,198,52,11,267,56,95,296,164,239,2026.48143209885,975,15,1,0.0107134016352818
4,4,4,4,3,4,4,4,3,4,2,3,3,3,3,1,1,3,2,3,3,4,4,4,3,3,3,2,4,4,3,4,4,4,4,3,4,2,3,3,290,86,6,25,59,129,106,248,230,58,116,49,260,188,167,75,115,138,195,29,73,278,289,28,9,22,133,159,275,78,60,244,117,293,118,90,122,10,151,230,1043.12921069359,1290,11,1,0.0105533926066891
4,4,3,3,2,3,2,3,2,2,3,1,2,1,2,1,2,1,1,2,4,1,4,3,3,3,4,4,2,2,4,2,3,4,4,1,1,2,3,4,183,89,43,81,130,160,277,90,61,10,120,206,152,203,301,149,79,84,32,101,80,34,166,41,69,275,323,228,307,94,175,61,322,290,148,99,252,208,185,297,1343.59547297044,1062,14,1,0.0105437106952365
2,3,3,2,3,2,2,2,1,2,1,1,2,2,1,1,1,1,1,1,4,1,4,1,1,3,4,2,2,3,2,3,3,4,1,1,3,1,4,4,225,143,132,112,46,28,53,90,20,296,252,84,186,159,301,115,30,84,85,121,311,34,344,206,69,339,276,262,158,330,52,95,9,150,111,271,136,296,243,314,2051.44050543982,966,16,1,0.0104675304479181
1,2,2,2,2,2,2,2,1,1,1,1,1,2,1,1,1,1,2,1,3,4,3,1,4,3,2,2,4,2,4,3,2,2,4,3,2,4,3,2,76,4,87,43,7,111,76,9,31,255,292,11,229,118,156,45,125,80,119,134,63,357,161,121,53,187,112,284,356,217,223,68,53,273,113,47,235,339,338,99,2832.7834842624,927,16,1,0.0104497083759406
4,4,4,4,3,2,2,3,2,2,3,3,2,2,1,1,2,1,1,2,3,4,4,3,2,4,2,3,4,2,3,4,3,2,3,3,3,3,4,4,183,239,43,160,130,133,128,105,61,340,129,317,2,203,110,119,62,84,357,346,34,262,166,42,136,275,23,331,211,119,267,330,164,59,174,13,56,216,22,333,1101.82215990807,1116,18,1,0.0103078775404017
4,4,4,4,4,4,3,4,3,3,2,3,3,3,4,2,1,1,2,3,3,4,3,4,3,3,4,4,4,4,4,4,4,4,4,3,4,2,3,3,166,86,6,25,59,87,149,248,230,72,60,49,260,224,238,75,115,138,106,88,166,278,289,139,266,22,133,16,275,79,60,13,117,345,118,50,238,10,151,230,1027.59325113036,1279,12,1,0.0102436198617891
4,4,4,4,3,3,4,3,3,2,3,3,4,2,2,3,2,2,1,2,4,4,2,4,3,3,2,3,3,3,2,2,1,4,2,3,4,1,4,4,183,330,43,81,130,103,66,196,61,340,32,184,2,203,181,119,57,84,357,101,60,91,166,41,125,209,323,119,338,234,68,298,257,165,148,99,56,325,29,318,1038.3191442554,1220,18,1,0.0101833899397787
2,4,4,3,2,2,2,2,2,2,1,1,2,1,1,1,3,1,1,2,4,3,3,2,3,3,4,4,2,2,4,2,3,3,2,2,2,4,1,4,183,89,78,27,41,28,217,41,229,10,61,203,126,30,103,187,275,84,95,121,80,34,240,253,197,156,168,262,307,94,175,328,9,290,254,144,1,208,219,311,1515.82891394842,1023,13,1,0.00996503439687004
2,4,3,2,3,2,2,2,1,2,1,1,2,1,1,1,1,1,1,1,4,4,4,1,3,3,4,2,4,3,2,3,3,4,1,4,3,1,4,4,183,143,78,19,41,28,177,90,20,61,61,344,186,159,301,115,62,84,357,121,45,34,344,206,69,341,276,262,28,280,289,338,9,269,111,271,200,296,243,52,1777.2533678487,983,18,1,0.00986463783071261
4,4,3,3,2,3,3,3,2,2,3,1,2,1,2,2,2,1,1,2,4,4,4,3,4,3,4,4,3,2,4,2,3,4,4,1,1,3,3,4,159,89,43,81,130,220,277,90,61,234,27,206,152,203,301,149,62,84,22,47,214,34,166,41,43,275,323,228,307,94,175,61,15,290,148,69,307,208,2,173,1315.15671545204,1076,14,1,0.00974561574334536
4,4,4,3,2,2,2,2,2,2,2,1,2,1,1,1,2,1,1,2,4,3,4,3,3,3,4,4,4,2,4,2,3,2,3,1,3,2,4,4,183,89,128,27,41,28,217,41,20,10,61,328,126,192,285,254,62,84,95,112,8,34,240,253,69,334,168,135,359,94,1,328,9,290,239,200,86,168,185,311,1243.98906210705,1046,16,1,0.00972864352140515
4,4,4,4,3,2,2,3,2,2,3,3,2,2,1,1,2,1,1,2,3,4,4,3,2,4,2,3,4,2,3,4,3,2,3,3,3,3,4,4,183,239,43,160,130,133,128,105,61,340,129,317,2,203,110,119,62,84,357,346,34,262,166,42,136,275,23,331,211,119,267,330,164,59,174,13,56,216,22,333,1101.82215990807,1116,18,1,0.00955291082664166
2,4,2,2,1,1,1,1,1,1,1,1,1,1,1,1,1,1,1,1,3,4,4,2,4,3,4,3,3,3,4,3,3,4,4,3,3,3,1,4,48,177,24,19,63,5,3,4,12,11,0,248,232,230,155,119,87,84,10,32,40,255,85,152,172,291,283,358,310,226,304,185,234,277,290,89,149,328,120,112,2911.77290362862,943,14,1,0.00950933058235923
4,4,4,3,2,2,2,2,1,2,2,1,2,1,1,1,1,1,1,1,4,3,4,4,3,4,4,4,4,2,4,2,4,3,2,1,1,4,4,4,183,262,265,84,41,28,177,90,20,283,61,203,152,347,301,350,62,84,19,121,80,34,299,255,69,156,168,262,8,330,175,328,245,290,254,328,332,359,185,316,1351.91117654571,1037,18,1,0.00930191738176895
1,1,2,1,1,1,1,1,1,1,1,1,1,1,1,1,1,1,1,1,4,4,3,2,4,4,4,4,4,3,4,3,3,4,4,4,4,3,3,3,48,34,24,19,36,5,3,4,11,5,0,256,232,230,155,119,87,48,10,32,105,255,85,150,139,101,349,133,271,226,97,294,311,141,169,210,149,142,120,59,4407.9266936024,903,14,1,0.00874474898276459
4,4,4,4,3,4,4,3,3,4,2,3,3,3,4,3,2,1,2,3,3,4,4,4,3,3,4,2,4,4,3,4,4,4,4,3,4,2,3,1,129,86,6,202,59,129,149,248,230,72,60,49,260,209,238,75,115,138,106,29,73,43,289,39,9,22,82,187,275,183,60,244,117,345,118,90,238,10,151,230,1033.05875155277,1293,11,1,0.00865509625388458
2,2,2,2,1,1,1,1,1,1,1,1,1,1,1,1,1,1,1,1,3,2,2,4,4,2,1,3,4,4,2,3,3,4,4,4,2,3,4,3,43,107,24,49,63,5,51,65,14,19,333,254,232,230,153,131,173,29,10,161,330,60,168,17,3,341,72,212,310,226,304,147,110,277,169,78,132,220,279,178,3430.61083948129,912,18,1,0.00856943747452878
4,4,4,4,3,2,3,3,2,2,3,3,2,1,2,1,2,1,1,2,4,4,4,2,4,3,2,3,3,3,3,3,3,4,3,2,4,1,4,4,265,239,43,160,130,160,277,105,61,340,129,325,2,203,181,119,62,84,357,101,60,262,166,63,125,275,323,331,338,234,267,253,88,165,360,343,56,306,168,333,1093.96567720678,1127,18,1,0.0083485530647675
4,4,4,3,2,2,2,2,2,2,2,3,2,1,1,1,2,1,1,2,4,3,4,3,3,3,4,2,4,2,4,1,3,1,3,1,3,2,4,4,183,89,128,27,41,28,217,310,276,10,297,328,126,120,285,254,62,84,95,112,13,34,240,253,69,334,108,135,227,94,1,328,9,290,239,144,86,208,185,311,1223.64324197051,1060,16,1,0.00814982778049868
4,4,4,4,3,3,4,3,3,2,3,3,4,2,2,3,2,2,1,2,4,4,2,4,3,3,2,3,3,3,2,2,1,4,2,3,4,1,4,4,183,330,43,81,130,103,66,196,61,340,32,184,2,203,181,119,57,84,357,101,60,91,166,41,125,209,323,119,338,234,68,298,257,165,148,99,56,325,29,318,1038.3191442554,1220,18,1,0.0074817499230348
4,4,4,4,3,2,4,4,3,3,2,3,3,3,3,1,1,1,2,3,3,4,4,4,3,3,3,2,4,4,3,4,4,4,2,3,4,2,3,3,166,86,6,25,59,129,106,133,170,58,116,49,260,188,238,75,115,138,22,29,73,206,289,39,9,22,133,81,45,78,126,212,117,293,118,90,122,10,151,230,1076.36436409381,1225,11,1,0.00739752527064675
1,4,2,2,2,1,2,2,1,1,1,2,1,2,1,1,1,1,1,1,2,4,3,3,4,2,1,4,2,3,3,4,4,4,1,2,4,3,4,1,76,107,57,77,7,111,313,9,65,62,232,48,151,140,151,269,125,258,131,134,111,106,149,26,53,54,68,284,300,296,177,140,52,154,344,141,95,222,317,283,2614.15716607134,955,15,1,0.00736274714222936
4,4,4,3,3,2,2,3,2,2,3,3,2,2,1,1,2,1,1,2,3,4,4,3,4,4,2,3,4,2,3,4,3,2,3,3,3,3,4,4,183,239,43,160,130,133,128,105,61,340,129,317,2,203,110,119,62,84,171,101,34,262,176,42,136,275,23,331,211,119,267,253,164,59,14,13,56,216,22,333,1136.94797819416,1096,15,1,0.00720072507897898
1,2,2,2,1,1,1,1,1,1,1,1,1,1,1,1,1,1,1,1,3,2,2,4,4,2,1,3,4,4,2,3,3,4,4,4,2,3,4,3,43,107,24,49,63,5,51,65,14,19,6,254,232,230,153,131,173,29,10,161,330,60,168,17,3,291,72,358,310,226,304,147,110,277,169,78,11,220,279,178,3695.00881571024,909,14,1,0.00708782464322156
2,4,4,3,2,2,2,2,2,2,2,1,2,1,1,1,2,1,1,2,4,3,4,3,3,3,4,4,4,2,4,2,3,2,3,1,3,2,4,4,183,89,128,27,41,28,217,41,20,10,61,328,126,192,285,254,62,84,95,112,8,34,240,253,69,334,168,135,359,94,1,328,9,290,239,200,86,168,185,311,1426.53700649003,1015,16,1,0.00647100168691055
2,4,3,3,2,2,2,2,2,2,1,1,2,2,1,1,2,1,1,2,4,3,3,3,3,3,4,4,2,4,4,4,2,3,2,2,3,4,1,4,183,89,78,27,41,28,217,41,20,10,61,203,126,30,211,251,112,72,95,121,80,195,240,253,197,156,168,262,307,94,250,328,155,290,254,144,1,130,185,311,1620.78839053677,995,15,1,0.00621609567248231
1,4,2,2,2,1,2,2,1,1,1,2,1,2,1,1,1,1,1,1,2,4,3,3,4,2,1,4,2,3,3,4,4,4,1,2,4,3,4,1,76,107,57,77,7,111,313,9,65,62,232,48,151,140,151,269,125,258,131,134,111,106,149,26,53,54,68,284,300,296,177,140,52,154,344,141,95,222,317,283,2614.15716607134,955,15,1,0.00617781149173894
1,2,2,2,1,1,1,1,1,1,1,1,1,1,1,1,1,1,1,1,3,2,2,4,4,2,1,3,4,4,2,3,3,4,4,4,2,3,4,3,43,107,24,49,63,5,51,65,14,19,314,254,232,176,153,131,173,29,10,188,330,60,168,17,3,291,72,358,310,226,304,147,110,277,169,78,132,220,279,178,3684.65692603024,909,17,1,0.00267605993733921
