4,4,4,4,4,4,4,4,4,4,4,4,4,4,4,4,4,4,4,4,4,4,4,4,4,4,4,4,4,4,4,3,4,4,4,3,4,3,3,4,0,139,0,28,173,131,84,32,360,360,0,0,255,244,166,0,114,120,112,0,360,147,15,72,0,319,19,22,0,360,55,292,300,100,236,284,239,125,151,360,1016.40013947345,1580,13,1,Inf
1,1,1,1,1,1,1,1,1,1,1,1,1,1,1,1,1,1,1,1,4,4,4,4,4,4,4,4,4,4,4,3,3,3,4,4,3,4,4,3,86,3,12,42,0,0,0,0,0,0,0,218,185,189,154,115,94,44,15,0,109,193,193,154,308,0,332,42,298,151,30,218,147,341,104,56,11,166,0,251,4893.23652337375,900,13,1,Inf
4,4,4,4,3,4,2,3,3,3,3,3,3,2,3,2,2,4,3,1,4,3,2,4,3,4,4,4,4,2,4,4,2,4,4,4,3,3,3,3,0,139,0,95,74,275,89,37,262,251,0,197,260,177,161,30,114,125,112,0,236,219,82,72,0,292,19,22,0,360,127,86,300,33,236,150,239,53,17,288,1042.0713414807,1242,11,1,Inf
1,1,1,1,1,1,1,1,1,1,1,1,1,1,1,1,1,1,1,1,4,4,4,4,4,4,4,4,4,4,4,3,3,3,4,4,3,4,4,3,86,3,12,42,0,0,0,0,0,0,0,218,185,189,154,115,94,44,15,0,109,193,193,154,308,0,332,42,298,151,30,218,147,341,104,56,11,166,0,251,4893.23652337375,900,13,1,Inf
4,4,4,3,3,2,2,2,2,2,2,2,2,2,2,2,1,1,1,1,4,4,4,4,4,4,4,4,4,4,4,3,4,3,4,3,3,3,4,3,205,0,89,72,27,0,0,0,0,0,0,280,252,216,176,120,92,59,360,0,0,126,188,360,298,0,360,10,137,215,164,312,224,360,166,59,73,0,82,296,1126.93887497277,1063,18,1,Inf
4,4,4,4,4,4,4,4,4,4,4,4,4,4,4,4,4,4,4,4,4,4,4,4,4,4,4,4,4,4,4,3,4,4,4,3,4,3,3,4,0,139,0,28,173,131,84,32,360,360,0,0,255,244,166,0,114,120,112,0,360,147,15,72,0,319,19,22,0,360,55,292,300,100,236,284,239,125,151,360,1016.40013947345,1580,13,1,Inf
1,1,1,1,1,1,1,1,1,1,1,1,1,1,1,1,1,1,1,1,4,4,4,4,4,4,4,4,4,4,3,3,3,3,3,3,3,3,4,4,138,3,49,0,0,0,0,0,0,0,0,285,225,189,154,115,94,44,15,0,0,126,126,221,360,0,332,0,271,203,20,218,157,299,42,88,73,161,0,293,4879.5952291275,900,15,1,5.79083409321108e-05
1,2,2,2,2,1,1,1,1,1,1,1,1,1,1,1,1,1,1,1,4,4,4,4,4,4,4,4,4,4,4,3,4,4,3,4,3,4,4,4,126,3,12,27,0,0,0,0,0,0,0,218,185,189,154,115,94,39,15,0,0,193,235,216,360,0,332,9,271,99,72,218,174,245,255,56,11,72,0,293,3359.86198148305,912,13,1,4.51187200924206e-05
1,1,2,1,1,1,1,1,1,1,1,1,1,1,1,1,1,1,1,1,4,4,4,4,4,4,4,4,4,4,4,3,3,3,4,3,3,4,4,3,59,30,12,42,0,0,0,0,0,0,0,218,185,189,154,115,94,44,15,0,109,193,193,154,308,0,360,0,244,151,30,245,174,360,168,19,11,166,27,288,4412.29075815815,903,13,1,3.76921096432151e-05
4,4,4,4,4,4,4,4,4,4,4,4,4,3,3,3,3,3,3,3,4,4,4,4,4,4,4,4,4,4,4,3,4,4,3,4,4,4,3,4,0,139,42,28,136,96,54,32,334,323,0,0,255,207,166,134,87,53,13,0,303,209,72,72,72,319,19,22,0,360,55,297,300,28,236,296,276,120,156,360,1016.4003963007,1440,12,1,3.04194294798392e-05
1,1,2,2,1,1,1,1,1,1,1,1,1,1,1,1,1,1,1,1,4,4,4,4,4,4,4,4,4,4,4,3,3,3,4,3,3,4,3,3,86,0,12,42,0,0,0,0,0,0,0,218,185,189,154,115,94,44,15,0,136,220,193,154,308,0,360,0,298,151,30,245,120,360,168,19,0,166,0,288,4034.00191519058,906,13,1,2.97043086907456e-05
1,2,2,2,1,1,1,1,1,1,1,1,1,1,1,1,1,1,1,1,4,4,4,4,4,4,4,4,4,4,4,3,3,3,4,3,3,4,3,3,86,0,12,69,0,0,0,0,0,0,0,218,185,189,154,115,94,44,15,0,136,193,166,154,308,0,360,0,352,151,30,218,120,333,168,19,11,166,0,288,3659.33552531346,909,13,1,2.94224432927538e-05
1,1,2,1,1,1,1,1,1,1,1,1,1,1,1,1,1,1,1,1,4,4,4,4,4,4,4,4,4,4,3,3,3,3,3,3,3,3,4,4,138,3,49,0,0,0,0,0,0,0,0,285,225,189,154,115,94,44,15,0,0,126,126,221,360,0,332,0,271,203,20,218,157,299,42,88,73,161,0,293,4398.6494639119,903,15,1,2.83734596090315e-05
1,1,2,2,1,1,1,1,1,1,1,1,1,1,1,1,1,1,1,1,4,4,4,4,4,4,4,4,4,4,4,3,4,3,3,3,3,3,4,2,138,3,49,0,0,0,0,0,0,0,0,285,225,189,154,115,94,44,15,0,0,126,126,221,360,0,332,0,271,203,20,218,157,299,42,88,73,161,0,293,4020.36062094435,906,15,1,2.80915942110396e-05
2,2,2,2,2,2,1,2,1,2,1,2,1,1,2,1,1,1,1,1,4,4,4,4,4,4,4,4,4,4,4,3,3,3,3,4,3,4,3,4,138,35,0,32,0,0,0,0,0,0,0,265,232,189,159,115,94,44,15,0,67,193,193,154,360,0,332,9,271,203,20,218,33,242,84,56,11,223,0,293,2622.83775789063,930,14,1,2.76812131837246e-05
4,4,4,4,4,4,4,4,4,4,4,4,4,3,3,3,3,3,3,3,4,4,4,4,4,4,4,4,4,4,4,3,4,4,3,4,4,4,3,4,0,139,42,28,136,96,54,32,334,323,0,0,255,207,166,134,87,53,13,0,303,209,72,72,72,319,19,22,0,360,55,297,300,28,236,296,276,120,156,360,1016.4003963007,1440,12,1,2.64268744184916e-05
2,3,3,3,2,2,2,2,2,2,1,1,1,1,1,1,2,1,1,1,4,4,4,4,4,4,4,4,4,4,4,3,4,3,4,3,3,4,4,3,205,3,89,72,0,0,32,0,0,0,0,280,252,216,149,120,119,91,318,0,0,126,188,360,298,0,360,10,137,188,164,285,224,360,166,123,73,0,82,296,1915.13467478329,966,16,1,2.61815893948415e-05
4,4,3,2,2,2,2,2,2,2,2,2,1,1,1,1,1,1,1,1,4,4,4,4,4,4,4,4,4,4,4,3,4,3,4,3,3,4,4,3,205,3,89,72,0,0,0,0,0,0,0,285,252,189,181,120,87,59,333,0,0,126,188,360,298,0,360,10,137,188,164,285,224,360,198,123,73,0,82,296,1454.2020168165,1009,17,1,2.47445046151442e-05
1,1,1,1,1,1,1,1,1,1,1,1,1,1,1,1,1,1,1,1,4,4,4,4,4,4,4,4,4,4,3,3,3,3,3,3,3,3,4,4,138,3,49,0,0,0,0,0,0,0,0,285,225,189,154,115,94,44,15,0,0,126,126,221,360,0,332,0,271,203,20,218,157,299,42,88,73,161,0,293,4879.5952291275,900,15,1,2.39393673055829e-05
4,4,4,4,3,4,2,3,3,3,3,3,3,2,3,2,2,4,3,1,4,3,2,4,3,4,4,4,4,2,4,4,2,4,3,4,3,3,3,3,0,139,0,95,74,275,89,37,262,251,0,197,260,177,161,30,114,125,112,0,236,219,82,72,0,292,19,22,0,360,127,86,300,33,236,150,239,53,17,288,1042.0713414807,1242,11,1,2.38238811658458e-05
1,2,2,2,1,1,1,1,1,1,1,1,1,1,1,1,1,1,1,1,4,4,4,4,4,4,4,4,4,4,4,3,4,3,3,3,3,3,4,2,138,3,49,0,0,0,0,0,0,0,0,285,225,189,154,115,94,44,15,0,0,126,126,221,360,0,332,0,271,203,20,218,157,299,42,88,73,161,0,293,3645.69423106723,909,15,1,2.33022284933538e-05
2,4,3,2,2,2,2,2,2,2,2,2,1,1,1,2,1,1,1,1,4,4,4,4,4,4,4,4,4,4,4,3,4,3,4,3,3,4,4,3,205,3,89,72,0,0,0,0,0,0,0,285,252,189,181,120,87,59,333,0,0,126,188,360,298,0,360,10,137,188,164,285,224,360,198,123,73,0,82,296,1629.62165192712,981,17,1,2.32992447729141e-05
2,2,2,2,2,2,1,2,1,2,1,2,1,1,2,1,1,1,1,1,4,4,4,4,4,4,4,4,4,4,4,3,3,3,3,4,3,4,3,4,138,35,0,32,0,0,0,0,0,0,0,265,232,189,159,115,94,44,15,0,67,193,193,154,360,0,332,9,271,203,20,218,33,242,84,56,11,223,0,293,2622.83775789063,930,14,1,2.29605120254354e-05
2,3,3,3,2,2,2,2,2,2,1,1,1,1,1,1,2,1,1,1,4,4,4,4,4,4,4,4,4,4,4,3,4,3,4,3,3,4,4,3,205,3,89,72,0,0,32,0,0,0,0,280,252,216,149,120,119,91,318,0,0,126,188,360,298,0,360,10,137,188,164,285,224,360,166,123,73,0,82,296,1915.13467478329,966,16,1,2.28644755206028e-05
4,4,4,3,3,2,2,2,2,2,2,2,2,3,2,2,1,1,1,1,4,4,4,4,4,4,4,4,4,4,4,3,4,3,4,3,3,4,4,3,205,0,89,72,27,0,0,0,0,0,0,280,252,216,176,120,92,59,360,0,0,126,188,360,298,0,360,10,137,215,164,312,224,360,166,59,73,0,82,296,1126.899246392,1074,18,1,2.23219870177035e-05
2,2,2,2,2,1,1,1,1,1,1,1,1,1,1,1,1,1,1,1,4,4,4,4,4,4,4,4,4,4,4,4,4,4,3,4,3,4,4,4,153,3,12,27,0,0,0,0,0,0,0,218,185,189,154,115,94,39,15,0,0,193,235,216,360,0,332,9,271,99,72,218,174,299,255,56,11,72,0,266,3105.07003616624,915,13,1,2.01407558204425e-05
1,2,2,2,2,1,1,1,1,1,1,1,1,1,1,1,1,1,1,1,4,4,4,4,4,4,4,4,4,4,4,3,3,4,3,3,3,3,4,4,138,3,49,0,0,0,0,0,0,0,0,285,252,189,176,115,94,44,15,0,0,126,126,221,360,0,332,0,271,203,20,218,157,299,84,4,73,161,0,293,3346.80955184274,912,15,1,1.98255246593689e-05
2,2,2,2,2,2,1,1,1,1,1,1,1,1,1,1,1,1,1,1,4,4,4,4,4,4,4,4,4,4,4,3,3,3,3,4,3,4,4,4,195,3,12,52,37,0,0,0,0,0,0,218,185,189,201,115,94,44,15,0,5,193,193,132,360,0,332,9,271,109,30,218,53,299,255,56,11,146,0,293,2865.40938694044,918,13,1,1.89633799681275e-05
2,2,2,2,2,1,1,1,1,1,1,1,1,1,1,1,1,1,1,1,4,4,4,4,4,4,4,4,4,4,4,3,3,4,3,3,3,3,4,4,138,3,49,0,0,0,0,0,0,0,0,285,252,189,176,115,94,44,15,0,0,126,126,221,360,0,332,0,271,203,20,218,157,299,84,4,73,161,0,293,3092.01760652593,915,15,1,1.76325308864134e-05
2,2,2,2,2,2,2,1,1,1,1,1,1,1,1,1,1,1,1,1,4,4,4,4,4,4,4,4,4,4,4,3,3,3,3,4,3,4,4,4,195,3,12,52,37,0,0,0,0,0,0,218,185,189,201,115,94,71,15,0,5,193,193,132,360,0,332,9,271,109,3,218,53,299,255,56,11,146,0,293,2694.93700200517,921,13,1,1.35541713931404e-05
2,2,2,2,2,2,1,1,1,1,1,1,1,1,1,1,1,1,1,1,4,4,4,4,4,4,4,4,4,4,3,3,3,3,3,3,3,3,4,4,138,3,12,0,0,0,0,0,0,0,0,285,252,189,149,125,94,39,15,42,0,126,126,221,360,0,332,0,271,203,20,218,157,299,84,4,73,161,0,293,2852.02762752317,918,15,1,1.32645655932066e-05
2,4,4,4,3,4,3,3,3,3,3,3,3,2,3,2,2,4,3,2,4,3,2,4,3,4,4,4,4,2,4,4,3,4,4,4,3,3,4,3,0,139,0,95,74,275,89,37,262,251,0,197,260,177,161,30,114,125,112,0,236,219,82,72,0,292,19,22,0,360,127,86,300,33,236,150,239,53,17,288,1211.727755498,1225,11,1,9.47271070552654e-06
2,4,4,4,3,4,2,3,3,3,2,3,3,2,3,2,2,4,3,2,4,3,2,4,3,4,4,4,4,2,4,4,3,4,4,4,3,3,3,3,0,139,0,95,74,275,89,37,262,251,0,197,260,177,161,57,114,125,112,0,236,219,55,99,0,292,19,22,0,360,127,86,300,33,236,150,239,53,17,288,1223.52078394586,1203,11,1,9.31945618461452e-06
4,4,4,4,4,4,3,4,3,2,2,2,2,2,3,2,2,3,2,2,4,4,4,4,4,3,4,3,4,2,2,3,2,2,4,4,3,4,3,4,0,211,8,65,176,248,82,102,336,278,211,197,211,197,178,139,42,78,40,44,360,291,0,0,0,319,91,94,47,294,127,225,300,100,236,165,204,90,49,265,1020.47719550405,1221,13,1,9.01861554152299e-06
4,4,4,4,3,4,4,3,3,3,3,3,3,2,3,2,2,4,3,2,4,3,2,4,3,4,4,4,4,2,4,4,2,4,4,4,3,3,3,3,0,139,0,95,101,275,89,37,262,251,0,197,260,177,161,30,114,125,112,0,236,219,82,72,0,319,19,22,0,360,127,86,300,33,236,150,239,53,17,288,1028.17201220442,1276,12,1,8.98639610869592e-06
4,4,4,4,3,4,3,3,3,3,3,3,3,2,3,2,2,4,3,2,4,3,2,4,3,4,4,4,4,2,4,4,3,4,4,4,3,3,4,3,0,139,0,95,74,275,89,37,262,251,0,197,260,177,161,57,114,125,112,0,236,219,82,72,0,292,19,22,0,360,127,86,300,33,236,150,239,53,17,288,1029.17899250672,1256,11,1,8.89366766268688e-06
4,4,4,4,4,4,4,4,4,4,4,4,4,4,3,3,3,3,3,3,4,4,4,4,4,4,4,4,4,4,4,3,4,4,3,4,4,4,3,4,0,139,42,28,136,64,54,32,334,323,0,0,255,239,166,134,87,53,13,0,303,209,72,72,72,292,19,22,0,360,55,297,300,28,236,296,308,120,156,360,1016.40021532807,1460,12,1,8.87234129302423e-06
4,4,4,4,4,4,4,4,4,4,4,4,4,4,3,3,3,3,3,3,4,4,4,4,4,4,4,4,4,4,4,3,4,4,3,4,4,4,3,4,0,139,42,28,136,64,54,32,334,323,0,0,255,239,166,134,87,53,13,0,303,209,72,72,72,292,19,22,0,360,55,297,300,28,236,296,308,120,156,360,1016.40021532807,1460,12,1,8.87233132831954e-06
4,4,4,4,4,4,4,4,4,4,4,4,4,4,4,3,3,3,3,3,4,4,4,4,4,4,4,4,4,4,4,3,4,4,3,4,4,4,3,4,0,139,42,28,136,64,54,32,334,323,0,0,255,239,166,134,87,53,13,0,303,209,72,72,72,292,19,22,0,360,55,297,300,28,236,296,308,120,156,360,1016.40016241896,1480,12,1,8.87233132831954e-06
4,4,4,4,4,4,4,4,4,4,4,4,4,4,4,3,4,3,3,3,4,4,4,4,4,4,4,4,4,4,4,3,4,4,3,4,4,4,3,4,0,139,0,28,173,64,17,32,334,323,0,0,255,239,166,134,114,53,45,0,303,177,72,72,72,319,0,0,0,360,55,297,300,28,236,217,239,83,188,360,1016.4001578946,1500,12,1,8.87232849445684e-06
4,4,4,4,4,4,4,4,4,4,4,4,4,4,4,4,4,3,3,3,4,4,4,4,4,4,4,4,4,4,4,3,4,4,4,3,4,3,3,4,0,176,0,28,173,131,32,32,360,360,0,0,255,217,166,0,114,130,33,0,360,189,15,35,0,319,71,22,0,360,55,292,300,100,152,284,239,73,151,303,1016.40014140548,1520,13,1,8.87232849445684e-06
4,4,4,4,4,4,4,4,4,4,4,4,4,4,4,3,3,3,3,3,4,4,4,4,4,4,4,4,4,4,4,3,4,4,3,4,4,4,3,4,0,139,42,28,136,64,54,32,334,323,0,0,255,239,166,134,87,53,13,0,303,209,72,72,72,292,19,22,0,360,55,297,300,28,236,296,308,120,156,360,1016.40016241896,1480,12,1,8.87232756347059e-06
4,4,4,4,4,4,4,4,4,4,4,4,4,4,4,3,4,3,3,3,4,4,4,4,4,4,4,4,4,4,4,3,4,4,3,4,4,4,3,4,0,139,0,28,173,64,17,32,334,323,0,0,255,239,166,134,114,53,45,0,303,177,72,72,72,319,0,0,0,360,55,297,300,28,236,217,239,83,188,360,1016.4001578946,1500,12,1,8.87232756347059e-06
4,4,4,4,4,4,4,4,4,4,4,4,4,4,4,4,4,3,3,3,4,4,4,4,4,4,4,4,4,4,4,3,4,4,4,3,4,3,3,4,0,176,0,28,173,131,32,32,360,360,0,0,255,217,166,0,114,130,33,0,360,189,15,35,0,319,71,22,0,360,55,292,300,100,152,284,239,73,151,303,1016.40014140548,1520,13,1,8.87232731684378e-06
4,4,4,4,4,4,4,4,4,4,4,4,4,4,4,4,4,4,3,3,4,4,4,4,4,4,4,4,4,4,4,3,4,4,4,3,4,3,3,4,0,139,0,28,146,131,32,32,360,360,0,0,255,244,166,0,77,130,112,0,360,147,15,72,0,319,71,22,0,360,55,292,263,100,179,284,239,73,151,303,1016.4001400507,1540,13,1,8.87232731684378e-06
4,4,4,4,4,4,4,4,4,4,4,4,4,4,4,4,4,4,3,3,4,4,4,4,4,4,4,4,4,4,4,3,4,4,4,3,4,3,3,4,0,139,0,28,146,131,32,32,360,360,0,0,255,244,166,0,77,130,112,0,360,147,15,72,0,319,71,22,0,360,55,292,263,100,179,284,239,73,151,303,1016.4001400507,1540,13,1,8.87232724771172e-06
4,4,4,4,4,4,4,4,4,4,4,4,4,4,4,4,4,4,4,3,4,4,4,4,4,4,4,4,4,4,4,3,4,4,4,3,4,3,3,4,0,139,0,28,173,131,84,32,360,360,0,0,255,244,166,0,114,120,112,0,360,147,15,72,0,319,19,22,0,360,55,292,300,100,236,284,239,125,151,360,1016.40013958439,1560,13,1,8.87232724771172e-06
4,4,4,4,4,4,4,4,4,4,4,4,4,4,4,4,4,4,4,3,4,4,4,4,4,4,4,4,4,4,4,3,4,4,4,3,4,3,3,4,0,139,0,28,173,131,84,32,360,360,0,0,255,244,166,0,114,120,112,0,333,147,15,72,0,319,19,22,0,360,55,292,300,100,236,284,239,125,151,360,1016.40013958439,1560,13,1,8.87232722005963e-06
1,1,4,4,3,4,2,3,3,3,2,3,3,2,3,2,2,4,3,2,4,3,2,4,3,4,4,4,4,2,4,4,3,4,4,4,3,3,3,3,0,139,0,95,74,275,89,37,262,251,0,197,260,177,161,30,114,125,112,0,236,219,82,72,0,292,19,22,0,360,127,86,300,33,236,150,239,53,17,288,2353.23736577043,1166,11,1,8.69513647214171e-06
4,4,3,3,3,2,2,2,3,3,2,2,3,2,3,4,1,3,2,3,4,4,4,2,2,4,4,2,4,3,3,3,4,2,4,4,2,4,2,3,74,220,0,123,188,201,0,0,250,269,144,21,251,232,180,291,50,0,61,161,0,270,168,97,66,268,214,27,115,219,79,215,72,151,360,93,360,94,91,117,1256.219141138,1149,12,1,8.07742239576721e-06
2,2,3,2,2,2,2,2,2,1,1,1,1,1,1,1,1,1,1,1,4,3,3,4,4,4,3,4,4,3,4,3,3,3,3,3,3,4,4,3,205,3,89,72,5,0,0,0,0,0,0,285,252,216,176,120,119,163,261,0,57,126,84,360,298,0,360,62,137,188,164,285,224,360,218,123,16,0,30,296,2287.09981051346,938,15,1,8.00600302143182e-06
4,4,3,2,2,2,3,1,3,3,2,2,3,2,1,3,1,1,1,2,3,4,4,3,3,4,3,2,4,3,1,2,4,2,1,1,2,4,2,4,74,220,0,51,260,201,132,115,250,197,216,21,323,232,108,291,122,139,61,233,139,270,230,169,138,268,214,27,115,219,79,215,93,7,360,93,336,94,0,117,1591.62910390155,1073,13,1,7.99527468481481e-06
2,2,3,2,3,2,2,2,1,3,2,2,3,2,1,3,1,1,1,2,3,4,4,3,3,4,3,4,4,1,3,1,4,4,1,1,3,4,2,4,74,220,0,51,260,201,60,115,178,269,216,21,251,232,108,291,122,139,61,233,139,270,168,169,138,268,214,27,115,358,218,287,26,74,360,93,336,94,19,117,2201.33757827963,1000,12,1,7.76746436869104e-06
2,2,2,2,2,2,2,2,1,1,1,1,1,1,1,1,1,1,1,1,4,4,4,4,3,4,3,3,4,4,4,3,4,3,3,4,4,1,4,3,205,0,79,62,0,0,0,0,0,0,0,285,225,194,149,145,263,126,199,0,0,0,188,360,360,0,344,0,189,126,102,290,266,298,156,123,11,62,97,177,2561.10733577775,924,15,1,7.03678928351176e-06
2,2,2,2,2,2,2,1,1,2,1,1,1,1,1,1,1,1,1,1,4,4,4,4,4,4,4,4,4,4,4,3,3,3,3,4,3,4,4,4,195,3,12,52,37,0,0,0,0,0,0,218,185,189,201,115,94,71,15,0,5,193,193,132,360,0,332,9,271,109,3,218,53,299,255,56,11,146,0,293,2629.60031536339,924,13,1,6.9409375024351e-06
4,4,4,4,3,3,2,2,3,2,2,2,2,2,2,1,1,2,2,1,4,3,3,4,4,4,3,4,4,4,3,3,3,4,2,3,4,4,4,3,250,3,206,201,112,52,0,0,0,82,75,325,160,201,0,135,285,59,263,0,191,0,360,342,360,101,360,360,137,121,350,285,219,66,223,200,83,124,104,301,1066.46437056226,1108,16,1,6.75117254987409e-06
4,4,4,4,3,3,2,2,2,2,2,2,2,2,2,1,1,2,2,1,4,3,2,4,2,4,3,4,4,4,3,3,3,4,2,3,3,4,4,3,250,3,206,201,112,52,0,0,0,82,75,325,160,201,0,135,285,59,263,0,191,0,360,342,360,69,354,360,137,121,350,285,219,66,223,200,83,124,104,301,1068.47154196357,1097,16,1,6.65747168441547e-06
4,4,4,3,3,2,2,2,3,3,4,2,3,2,1,1,1,1,3,1,3,2,3,2,2,4,2,3,4,2,4,4,4,3,4,1,2,4,1,1,31,25,0,28,245,203,156,248,334,251,127,269,327,172,94,144,114,125,0,0,303,234,15,27,45,319,0,94,72,294,127,225,300,100,236,145,239,125,69,265,1158.09128377898,1135,13,1,6.65189879891183e-06
2,3,3,2,2,2,3,2,3,3,2,2,3,2,1,3,1,1,1,2,3,4,2,3,3,4,3,1,4,3,1,2,4,2,1,1,2,4,2,4,74,220,0,51,203,201,132,115,250,197,216,21,323,232,108,291,122,139,61,233,139,270,230,169,138,268,214,27,115,219,79,257,36,7,360,93,336,94,0,117,1884.07944658485,1025,13,1,6.64552876843637e-06
4,4,4,3,3,4,2,3,3,3,2,3,3,2,2,4,1,3,2,2,3,4,4,2,3,4,4,2,4,3,4,2,4,2,4,3,3,4,2,3,74,220,0,123,188,201,60,0,250,269,216,21,251,205,180,291,50,109,0,233,0,270,168,169,138,196,214,27,115,219,79,215,21,0,360,93,336,94,19,117,1083.6095236612,1200,12,1,6.60415059770017e-06
2,3,2,2,2,2,2,2,2,1,1,1,1,1,1,1,1,1,2,1,4,3,3,3,4,4,3,4,4,4,4,3,3,3,3,3,3,4,4,3,205,3,89,72,5,0,0,0,0,0,0,285,252,216,176,120,119,136,303,0,57,126,104,360,298,0,360,62,137,188,164,285,224,360,218,123,16,0,82,296,2263.77980458424,941,15,1,6.47511501771999e-06
2,2,2,2,2,2,2,1,1,1,1,1,1,1,1,1,1,1,1,1,4,4,4,4,4,4,4,4,4,4,4,3,3,3,3,4,3,4,4,4,195,3,12,52,37,0,0,0,0,0,0,218,185,189,201,115,94,71,15,0,5,193,193,132,360,0,332,9,271,109,3,218,53,299,255,56,11,146,0,293,2694.93700200517,921,13,1,6.41473856875225e-06
4,4,4,4,3,3,2,2,2,2,2,2,2,2,2,3,3,2,2,1,4,3,2,4,2,4,3,4,4,4,3,3,3,4,2,3,3,4,4,3,250,3,206,201,112,52,0,0,0,82,75,325,160,201,27,135,285,59,263,0,191,0,360,342,360,69,354,360,137,121,350,285,219,66,223,200,83,124,104,301,1054.2284410483,1125,16,1,6.39345299403711e-06
4,4,4,4,4,4,4,3,3,3,3,3,3,2,2,2,2,4,3,2,2,3,4,4,3,4,4,4,4,2,4,4,2,4,4,4,3,3,3,3,42,139,0,95,101,275,89,37,262,251,0,197,260,177,161,30,114,125,112,0,236,219,82,72,0,319,86,22,0,294,127,86,300,33,236,150,239,53,17,288,1016.98188403106,1285,12,1,6.36146802588093e-06
2,3,2,2,2,2,2,1,1,1,1,1,1,1,1,1,1,1,1,1,4,4,4,4,4,4,4,4,4,4,4,3,3,3,3,4,3,4,4,4,195,3,12,52,37,0,0,0,0,0,0,218,185,189,201,115,94,71,15,0,5,193,193,132,360,0,332,9,271,109,30,218,53,299,255,56,11,146,0,293,2487.77623211939,932,13,1,6.14955656236901e-06
4,4,3,2,3,2,3,2,3,2,2,1,4,2,1,3,1,1,1,2,3,4,4,3,3,4,3,2,4,4,1,2,4,2,1,4,2,4,4,4,74,220,0,51,260,201,132,115,250,269,216,21,251,232,108,291,122,139,61,233,139,223,168,169,138,268,214,27,115,219,79,143,93,7,360,93,336,94,0,189,1408.30543389455,1093,13,1,5.77719288195794e-06
4,4,3,2,3,2,3,2,1,3,2,2,3,2,1,3,1,1,1,3,3,4,4,3,3,4,3,2,4,3,4,2,4,2,1,1,2,4,2,4,74,220,0,51,260,201,60,115,178,269,216,21,251,232,108,291,122,139,61,233,139,270,168,169,138,330,214,27,115,291,218,287,93,74,360,93,336,94,19,117,1507.6249620165,1084,12,1,5.59427092411272e-06
2,2,2,2,2,2,2,2,2,1,1,1,1,1,1,1,1,1,1,1,4,3,3,4,4,4,3,4,4,4,4,3,3,3,3,3,3,4,4,3,205,3,89,72,5,0,0,0,0,0,0,285,252,216,149,120,119,126,261,0,57,126,84,360,298,0,360,62,137,188,164,285,224,360,218,123,16,0,30,296,2474.39503673919,927,15,1,5.420282536593e-06
4,4,3,2,2,2,3,2,3,3,2,2,3,2,1,3,1,1,1,2,3,4,4,3,3,4,3,2,4,3,1,2,4,2,1,1,2,4,2,4,74,220,0,51,260,201,132,115,250,197,216,21,323,232,108,291,122,139,61,233,139,270,230,169,138,268,214,27,115,219,79,215,93,7,360,93,336,94,0,117,1430.25662417196,1076,13,1,5.30240588270392e-06
4,4,3,3,2,2,2,2,2,2,2,1,1,1,1,1,1,1,1,1,4,4,4,4,4,4,3,4,4,4,4,3,4,3,4,3,3,4,4,3,205,3,89,72,0,0,0,0,0,0,0,280,252,216,149,120,119,59,313,0,0,126,188,360,298,0,360,10,137,188,164,285,224,360,166,123,73,0,82,296,1390.21718140325,1017,16,1,5.29579412180494e-06
4,4,4,3,3,4,2,2,3,2,4,2,3,2,2,1,1,1,3,1,3,2,3,2,4,2,2,3,4,2,4,4,4,3,4,4,3,3,3,1,31,82,0,28,245,104,156,337,360,251,85,269,327,172,131,144,114,125,0,0,303,291,15,27,45,360,0,146,72,331,70,225,300,100,236,145,239,73,69,317,1109.30912326656,1158,15,1,5.25458114948275e-06
2,4,3,2,2,2,2,2,2,2,2,2,1,1,1,1,1,1,1,1,4,4,4,4,4,4,4,4,4,4,4,3,4,3,4,3,3,4,4,3,205,3,89,72,0,0,0,0,0,0,0,285,252,189,181,120,87,59,333,0,0,126,188,360,298,0,360,10,137,188,164,285,224,360,198,123,73,0,82,296,1636.74996119948,978,17,1,5.11850719699368e-06
2,4,3,3,2,2,2,2,2,2,2,1,1,1,1,1,1,1,1,1,4,4,4,4,4,4,3,4,4,4,4,3,4,3,4,3,3,4,4,3,205,3,89,72,0,0,0,0,0,0,0,280,252,216,149,120,119,59,313,0,0,126,188,360,298,0,360,10,137,188,164,285,224,360,166,123,73,0,82,296,1572.76512578624,986,16,1,5.07262679109606e-06
2,3,3,2,3,2,2,2,1,3,2,2,3,2,1,3,1,1,1,2,3,4,4,3,3,4,3,4,4,1,3,1,4,4,1,1,2,4,2,4,74,220,0,51,260,201,60,115,178,269,216,21,251,232,108,291,122,139,61,233,139,270,168,169,138,268,214,27,115,358,218,287,26,74,360,93,336,94,19,117,1990.85096283784,1011,12,1,5.00862036140237e-06
4,4,4,4,3,4,3,2,3,3,3,3,3,2,3,2,2,4,3,2,4,3,2,4,3,4,4,4,4,2,4,4,3,4,4,4,3,3,4,3,0,139,0,95,74,275,89,37,262,251,0,197,260,177,161,30,114,125,112,0,236,219,82,72,0,292,19,22,0,360,127,113,300,33,236,150,239,53,17,288,1033.98280726591,1245,11,1,5.00815908590723e-06
2,4,3,2,3,2,3,2,1,3,2,2,3,2,1,3,1,1,1,3,3,4,4,3,3,4,3,2,4,3,4,2,4,2,1,1,2,4,2,4,74,220,0,51,260,201,60,115,178,269,216,21,251,232,108,291,122,139,61,233,139,270,168,169,138,330,214,27,115,291,218,287,93,74,360,93,336,94,19,117,1690.17290639949,1053,12,1,5.0047457034042e-06
4,4,4,4,3,4,3,3,3,2,2,2,2,2,3,2,2,3,2,2,4,4,4,3,1,3,4,3,4,1,2,3,2,2,4,4,3,4,3,4,0,211,8,65,208,275,109,102,309,251,211,197,211,197,178,139,69,78,40,44,360,291,0,0,0,319,91,94,47,294,127,225,300,100,236,165,204,90,49,265,1033.05083531565,1181,13,1,4.96965429519031e-06
2,4,2,2,2,2,1,2,1,2,1,2,3,1,2,1,1,1,1,1,4,4,4,4,4,4,4,4,4,4,3,3,3,3,3,4,3,4,3,4,138,3,0,0,0,0,0,0,0,0,0,265,232,189,159,115,94,44,15,0,67,193,193,154,360,0,332,9,271,203,20,218,33,242,84,56,11,223,0,293,2104.77050114282,975,13,1,4.95453191608818e-06
4,4,4,2,3,2,2,2,2,2,2,1,1,1,2,2,1,1,1,2,4,3,3,2,3,4,1,1,4,3,4,4,3,3,2,4,3,4,4,4,282,3,290,87,102,0,0,0,54,0,0,310,217,159,57,182,72,54,263,0,191,59,260,342,360,27,198,334,137,54,303,285,152,155,228,200,145,171,104,301,1291.32437600923,1046,16,1,4.94707601126013e-06
2,4,3,3,2,2,2,2,2,2,2,2,3,1,1,1,1,1,1,1,4,4,4,4,4,4,4,4,4,4,4,3,4,3,4,3,3,4,4,3,205,3,89,72,0,0,0,0,0,0,0,285,252,216,181,120,87,59,360,0,0,126,188,360,298,0,360,10,137,188,164,285,224,360,198,123,73,0,82,296,1521.5805166912,1003,18,1,4.92974342755062e-06
4,4,4,4,4,4,4,3,3,3,3,3,3,2,4,3,2,4,3,2,3,3,2,4,3,4,4,4,4,2,4,4,2,4,4,4,3,3,3,3,0,139,0,95,101,275,89,37,262,251,0,197,260,177,161,30,114,125,112,0,236,219,20,72,0,319,19,22,0,360,127,86,300,33,236,150,177,53,17,226,1016.95104043954,1327,12,1,4.90076240072481e-06
4,4,4,4,4,4,4,4,3,3,3,3,3,2,4,2,2,4,3,2,2,3,2,4,3,4,4,4,4,2,4,4,2,4,4,4,3,2,3,3,0,139,0,95,101,275,89,37,262,251,0,197,260,177,161,30,114,125,112,0,236,219,15,72,0,319,19,22,0,294,127,86,300,33,236,150,239,53,17,288,1016.68138022221,1336,12,1,4.90076240072481e-06
4,4,4,4,4,4,4,4,3,3,3,3,3,2,4,3,2,4,3,3,2,3,2,4,3,4,4,4,4,2,4,4,2,4,4,4,3,2,3,3,0,139,0,95,101,213,156,37,262,251,0,197,260,177,161,30,114,125,112,0,236,219,82,72,0,319,19,22,67,294,127,86,300,33,236,217,239,120,17,288,1016.66411920072,1358,12,1,4.89173724741685e-06
4,4,4,4,4,4,4,4,4,3,3,3,3,2,4,3,2,4,3,2,2,3,2,4,4,4,4,4,4,2,4,4,2,4,4,4,3,2,3,3,0,139,0,95,101,213,94,37,262,251,0,197,260,177,161,30,114,125,50,0,112,219,82,72,62,319,19,22,67,294,127,86,300,33,236,217,239,120,17,288,1016.51044765999,1367,12,1,4.89173724741685e-06
4,4,4,4,4,4,4,4,4,4,4,4,3,2,3,3,3,2,3,2,4,4,4,4,4,4,4,4,4,4,4,3,4,4,2,4,4,4,3,4,0,139,0,28,173,64,17,32,334,323,0,0,255,239,166,30,114,53,45,0,303,209,15,72,72,319,19,22,0,360,55,297,300,28,236,217,239,120,156,360,1016.44381267443,1387,13,1,4.88443467076184e-06
4,4,4,4,4,4,4,4,4,4,4,3,3,3,3,3,3,2,3,3,4,4,4,4,4,4,4,4,4,4,4,3,4,4,2,4,4,4,3,4,0,139,0,28,173,64,17,32,334,323,0,0,255,239,166,30,114,53,45,0,303,209,15,72,72,319,19,22,0,360,55,297,300,28,236,217,239,120,156,360,1016.4048616194,1389,12,1,4.88297629358215e-06
4,4,4,4,4,4,4,4,4,3,3,3,3,3,4,3,2,4,3,2,4,3,2,4,3,4,4,4,4,2,4,4,2,4,4,4,3,2,3,3,0,139,0,95,101,275,156,37,324,251,0,197,260,177,161,30,114,125,112,0,236,219,82,72,0,319,19,22,67,294,65,86,300,33,236,217,239,120,17,288,1016.46468254363,1378,12,1,4.88140386419118e-06
4,4,4,4,4,4,4,4,3,3,3,3,3,2,4,3,2,4,3,2,4,3,2,4,3,4,4,4,4,2,4,4,2,4,4,4,3,3,3,3,0,139,0,95,101,275,89,37,262,251,0,197,260,177,161,30,114,125,112,0,236,219,82,72,0,319,19,22,0,360,127,86,300,33,236,150,177,53,17,288,1016.6673446801,1347,12,1,4.88087208081701e-06
4,4,4,4,4,4,4,3,3,3,3,3,3,2,4,2,2,4,3,2,4,3,2,4,3,4,4,4,4,2,4,4,2,4,4,4,3,3,3,3,0,139,0,95,101,275,89,37,262,251,0,197,260,177,161,30,114,125,112,0,236,219,20,72,0,319,19,22,0,360,127,86,300,33,236,150,239,53,17,288,1016.96487984783,1316,12,1,4.88027004045581e-06
4,4,4,4,4,4,4,3,3,3,3,3,3,2,4,2,2,4,2,2,2,3,2,4,3,4,4,3,4,3,4,4,2,4,4,4,3,2,3,4,0,139,0,95,101,275,156,37,262,251,0,197,260,244,161,30,114,125,112,0,236,219,15,72,0,319,19,22,0,294,127,86,300,33,236,217,239,53,17,288,1016.95858155543,1305,13,1,4.88027004045581e-06
4,4,4,4,4,4,4,4,3,3,3,3,3,2,4,3,2,4,3,2,4,3,2,4,3,4,4,4,4,2,4,4,2,4,4,4,3,3,3,3,0,139,0,95,101,275,89,37,262,251,0,197,260,177,161,30,114,125,112,0,236,219,82,72,0,319,19,22,0,360,127,86,300,33,236,150,177,53,17,288,1016.6673446801,1347,12,1,4.88003094290443e-06
4,4,4,4,4,4,4,4,4,4,4,4,3,3,3,3,3,2,3,2,4,4,4,4,4,4,4,4,4,4,4,3,4,4,2,4,4,4,3,4,0,139,0,28,173,64,17,32,334,323,0,0,255,239,166,30,114,53,45,0,303,209,15,72,72,319,19,22,0,360,55,297,300,28,236,217,239,120,156,360,1016.40273439459,1398,12,1,4.87994548701149e-06
4,4,4,4,4,4,4,4,4,4,4,4,3,3,3,3,3,3,3,2,4,4,4,4,4,4,4,4,4,4,4,3,4,4,3,4,4,4,3,4,0,139,0,28,173,64,17,32,334,323,0,0,255,239,166,134,114,53,45,0,303,209,72,72,72,319,19,22,0,360,55,297,300,28,236,217,239,120,156,360,1016.40130472848,1409,12,1,4.8798912095222e-06
4,4,4,4,4,4,4,3,3,3,3,3,3,2,4,2,2,3,3,2,2,3,2,4,3,4,4,4,4,2,4,4,2,4,4,4,3,2,3,3,0,139,0,95,101,275,89,37,262,251,0,197,260,177,161,0,114,125,112,0,236,219,82,72,0,252,19,22,0,294,127,86,300,33,236,150,239,53,17,288,1016.96556725149,1296,12,1,4.87983345360477e-06
4,4,4,4,4,4,4,3,3,3,3,3,3,2,4,2,2,4,3,2,4,3,2,4,3,4,4,4,4,2,4,4,2,4,4,4,3,3,3,3,0,139,0,95,101,275,89,37,262,251,0,197,260,177,161,30,114,125,112,0,236,219,20,72,0,319,19,22,0,360,127,86,300,33,236,150,239,53,17,288,1016.96487984783,1316,12,1,4.87983345360477e-06
4,4,4,4,4,4,4,4,4,4,4,4,3,3,3,3,3,3,3,3,4,4,4,4,4,4,4,4,4,4,4,3,4,4,3,4,4,4,3,4,0,139,42,0,173,64,17,32,334,323,0,0,255,202,166,134,114,53,45,0,303,209,72,72,72,319,19,22,0,360,55,297,300,28,236,259,276,120,156,360,1016.40101796168,1420,12,1,4.87980644032251e-06
4,4,4,4,4,4,4,4,4,4,4,4,4,3,3,3,3,3,3,2,4,4,4,4,4,4,4,4,4,4,4,3,4,4,3,4,4,4,3,4,0,139,69,28,136,96,54,32,334,323,0,0,255,207,166,134,87,53,13,0,303,209,72,72,72,319,19,22,0,360,55,297,300,28,236,296,276,120,156,360,1016.40067772496,1429,12,1,4.87980644032251e-06
4,4,4,4,4,4,4,4,4,4,4,4,3,3,3,3,3,3,3,2,4,4,4,4,4,4,4,4,4,4,4,3,4,4,3,4,4,4,3,4,0,139,0,28,173,64,17,32,334,323,0,0,255,239,166,134,114,53,45,0,303,209,72,72,72,319,19,22,0,360,55,297,300,28,236,217,239,120,156,360,1016.40130472848,1409,12,1,4.87980227979371e-06
4,4,4,3,3,2,2,2,2,2,2,1,1,1,2,2,1,1,1,2,4,3,3,2,3,4,4,1,4,3,4,4,3,3,2,4,3,4,4,4,282,3,290,134,102,0,0,0,54,0,0,263,170,159,57,182,109,54,263,0,191,59,260,342,360,27,198,334,137,54,303,285,152,155,228,200,145,171,104,301,1200.56762904596,1057,15,1,4.85816294675655e-06
2,2,2,2,2,2,2,2,1,1,1,1,1,1,1,1,1,1,1,1,4,4,4,4,3,4,3,3,4,4,4,3,4,3,3,4,4,1,4,3,205,0,79,62,0,0,0,0,0,0,0,285,225,194,149,145,263,126,199,0,0,0,188,360,360,0,344,0,189,126,102,290,266,298,156,123,11,62,97,177,2561.10733577775,924,15,1,4.80328373140072e-06
2,2,2,2,2,2,2,2,1,2,1,2,1,1,2,1,1,1,1,1,4,4,4,4,4,4,4,4,4,4,4,3,3,3,3,4,3,4,3,4,138,35,0,32,0,0,0,0,0,0,0,265,232,189,159,115,94,44,15,0,67,193,193,154,360,0,332,9,271,203,20,218,33,242,84,56,11,223,0,293,2452.32369853779,933,14,1,4.77808028015937e-06
2,3,3,2,2,2,2,2,2,1,1,1,1,1,1,1,1,1,1,1,4,4,4,3,4,4,4,4,4,4,3,3,3,3,4,3,3,4,4,3,205,60,121,72,5,0,0,0,0,0,0,285,252,211,181,120,82,49,360,0,0,126,131,360,355,37,360,15,137,188,164,201,261,360,193,123,73,0,82,296,2079.49219014569,949,18,1,4.73665408994105e-06
2,4,4,4,3,4,2,3,3,3,2,3,3,2,3,2,2,4,2,2,4,3,2,4,3,4,4,4,4,2,4,4,2,4,4,4,3,3,3,3,0,139,0,95,74,275,89,37,262,251,0,197,260,177,161,30,114,125,112,0,236,219,82,72,0,292,19,22,0,360,127,86,300,33,236,150,239,53,17,288,1223.52239686987,1192,11,1,4.73340808978143e-06
4,4,4,3,3,4,2,2,3,2,4,2,3,2,2,1,1,1,3,1,3,2,3,2,4,2,2,3,4,2,4,4,4,3,4,4,3,3,3,1,31,82,0,28,245,104,156,337,360,251,85,269,327,172,131,144,114,125,0,0,303,291,15,27,45,360,0,146,72,331,70,225,300,100,236,145,239,73,69,317,1109.30912326656,1158,15,1,4.58633935872211e-06
4,4,4,3,3,2,2,2,2,2,2,2,1,1,1,1,1,1,1,1,4,4,4,4,4,4,4,4,4,4,4,3,4,3,4,3,3,4,4,3,205,0,89,72,0,0,0,0,0,0,0,280,252,216,149,120,119,59,328,0,0,126,188,360,298,0,360,10,137,188,164,317,224,360,166,86,73,0,82,296,1181.83173352307,1051,17,1,4.57729090129199e-06
4,4,3,3,3,2,2,2,2,3,2,2,3,2,2,4,1,3,2,2,3,4,4,2,2,4,4,2,4,3,3,2,4,2,4,4,2,4,2,3,74,220,0,123,188,201,0,0,250,269,144,93,251,232,180,291,92,67,61,233,0,270,168,97,138,268,214,27,115,219,79,215,0,151,360,93,360,79,19,117,1259.05509141734,1116,13,1,4.54331173423515e-06
2,3,3,2,2,2,2,2,2,2,2,2,1,1,1,1,1,1,1,1,4,4,4,4,4,4,4,4,4,4,4,3,4,3,4,3,3,4,4,3,205,3,89,72,0,0,0,0,0,0,0,285,252,189,181,120,87,59,333,0,0,126,188,360,298,0,360,10,137,188,164,285,224,360,198,123,73,0,82,296,1926.36422867195,958,17,1,4.52888721976147e-06
4,4,3,3,2,2,2,2,2,2,1,1,1,1,1,1,1,1,1,1,4,4,4,4,4,4,4,4,4,4,4,3,4,3,4,3,3,4,4,3,205,3,89,72,0,0,0,0,0,0,0,280,252,216,149,120,119,59,318,0,0,126,188,360,298,0,360,10,137,188,164,285,224,360,166,123,73,0,82,296,1447.94428057296,1014,16,1,4.52490452092232e-06
2,4,3,3,2,2,2,2,2,2,2,2,1,1,1,1,1,1,1,1,4,4,4,4,4,4,4,4,4,4,4,3,4,3,4,3,3,4,4,3,205,3,89,72,0,0,0,0,0,0,0,285,252,216,181,120,87,59,333,0,0,126,188,360,298,0,360,10,137,188,164,285,224,360,198,123,73,0,82,296,1543.23338072078,989,17,1,4.51914042231505e-06
4,4,4,3,3,2,2,2,2,2,2,2,1,3,1,1,1,1,3,1,1,4,4,4,4,4,4,4,4,4,4,3,4,3,4,3,3,4,4,3,205,0,89,72,0,0,0,0,0,0,0,280,252,216,149,120,119,59,360,0,0,126,188,360,298,0,360,10,137,188,164,285,224,360,166,86,73,0,82,296,1163.76235580235,1079,15,1,4.51160675585472e-06
4,4,4,4,3,3,2,2,2,2,2,2,2,2,2,1,3,2,2,1,4,3,2,4,2,4,3,4,4,4,3,3,3,4,2,3,3,4,4,3,250,3,206,201,112,52,0,0,0,82,75,325,160,201,27,135,285,59,263,0,191,0,360,342,360,69,354,360,137,121,350,285,219,66,223,200,83,124,104,301,1061.52463222285,1111,16,1,4.5010164067708e-06
2,4,3,3,2,2,2,1,2,1,2,1,1,3,1,1,1,2,1,1,4,4,4,4,4,4,4,4,4,4,3,3,3,3,3,3,4,4,3,4,125,281,0,66,34,66,1,0,287,0,0,200,236,92,201,119,103,236,8,64,35,360,96,0,166,222,0,119,360,0,28,89,203,134,334,300,239,360,106,302,1753.21777667835,997,14,1,4.48660583345493e-06
4,4,4,4,4,4,4,3,3,3,3,3,3,2,4,2,2,1,3,2,4,3,2,4,3,4,4,4,4,2,4,4,2,4,4,4,3,3,3,3,0,139,0,95,101,275,89,37,262,251,0,197,260,177,161,30,114,125,112,0,236,219,82,72,0,319,19,22,0,360,127,86,300,33,236,150,239,53,17,288,1020.78416202298,1282,12,1,4.47721696990062e-06
2,4,3,2,2,2,2,2,2,2,2,1,1,1,1,1,1,1,1,1,4,4,4,4,4,4,4,4,4,4,4,3,4,3,4,3,3,4,4,3,205,3,89,72,0,0,0,0,0,0,0,285,252,216,149,120,77,59,323,0,0,126,188,360,298,0,360,10,137,188,164,285,182,360,166,86,73,0,82,259,1666.89708554694,975,17,1,4.45183636327288e-06
4,4,3,3,3,2,2,2,2,2,2,1,1,1,1,1,1,1,1,1,4,4,4,4,4,4,3,4,4,4,4,3,4,3,4,3,3,4,4,3,205,3,89,72,0,0,0,0,0,0,0,280,252,216,149,120,82,59,323,0,0,126,188,360,298,0,360,10,137,188,164,285,224,360,166,123,73,37,82,296,1343.47604188625,1028,17,1,4.41755979747164e-06
4,4,4,2,3,2,2,4,3,3,2,2,3,2,2,3,2,1,1,2,3,4,3,2,2,4,1,3,4,2,2,4,4,3,4,4,4,3,4,1,31,82,0,28,161,151,156,300,334,293,127,269,327,172,136,176,114,125,0,0,303,291,15,27,45,319,0,146,72,294,70,225,300,132,236,145,239,73,69,360,1210.06006768217,1133,13,1,4.41730748062698e-06
2,3,2,2,2,2,2,2,2,2,1,1,2,1,1,1,1,1,1,1,4,4,4,4,4,4,4,4,4,4,4,3,4,3,4,3,3,4,4,3,232,3,89,72,32,0,0,0,0,0,0,280,252,216,149,120,119,59,318,0,0,126,188,360,298,0,360,10,137,188,164,285,251,360,166,123,73,0,82,296,2181.62157341693,944,16,1,4.33255509605357e-06
2,4,2,2,2,2,1,1,1,1,1,1,1,1,1,1,1,1,1,1,4,4,4,4,4,4,4,4,4,4,4,3,3,3,3,4,3,4,4,4,195,3,12,52,37,0,0,0,0,0,0,218,185,189,201,115,94,71,15,0,5,193,193,132,360,0,332,9,271,109,30,218,53,299,255,56,11,146,0,293,2368.67602399977,949,13,1,4.32426547211912e-06
4,4,4,2,2,2,2,2,2,2,2,2,1,1,1,1,1,1,1,1,4,4,4,4,4,4,4,4,4,4,4,3,4,3,4,3,3,4,4,3,205,3,89,72,32,0,0,0,0,0,0,285,252,216,149,120,77,59,323,0,0,126,188,360,298,0,360,10,137,220,164,285,219,360,166,86,73,0,82,259,1322.15779513405,1029,17,1,4.32305229664094e-06
2,4,3,2,2,2,3,2,3,3,2,2,3,2,1,3,1,1,1,2,3,4,4,3,3,4,3,2,4,3,1,2,4,2,1,1,2,4,2,4,74,220,0,51,260,201,132,115,250,197,216,21,323,232,108,291,122,139,61,233,139,270,230,169,138,268,214,27,115,219,79,215,93,7,360,93,336,94,0,117,1612.80456855495,1045,13,1,4.28707360763662e-06
2,3,4,2,3,2,2,2,1,3,2,2,3,2,1,3,1,1,2,2,3,4,4,4,3,4,3,4,4,1,3,1,4,4,1,1,2,4,2,4,74,220,0,51,260,201,60,115,178,336,216,21,251,232,108,291,122,139,61,233,139,270,168,169,138,268,214,27,115,358,218,287,26,74,360,93,336,94,19,117,1855.78111092196,1034,13,1,4.28256526045336e-06
4,4,4,4,4,3,3,4,3,2,2,2,2,2,2,2,2,3,1,2,4,4,4,3,1,3,4,3,4,1,2,3,2,2,4,4,3,2,3,4,0,211,8,65,208,275,109,102,309,219,243,197,243,197,178,139,42,78,40,44,360,291,0,0,0,319,91,94,47,294,127,225,300,100,236,197,204,122,49,265,1029.45325385333,1187,13,1,4.27646082326414e-06
2,3,4,2,3,2,2,2,1,3,2,2,3,2,1,3,1,1,1,2,3,4,4,4,3,4,3,4,4,1,3,3,4,4,1,1,2,4,2,4,74,220,0,51,260,201,60,115,178,336,216,21,251,232,108,291,122,139,61,233,139,270,168,169,138,268,214,27,115,358,218,287,26,74,360,93,336,94,19,117,1858.234398774,1031,13,1,4.27282549115809e-06
2,3,2,2,2,2,1,2,1,2,1,2,1,2,2,1,2,1,1,1,4,4,4,4,4,4,4,4,4,4,3,3,3,3,3,4,3,4,3,4,138,3,0,0,0,0,0,0,0,0,0,265,232,189,159,115,94,44,15,0,67,193,193,154,360,0,332,9,271,203,20,218,33,242,84,56,11,223,0,293,2395.60688009995,947,14,1,4.21543671511152e-06
2,3,3,3,2,2,3,2,3,3,2,2,3,2,1,3,1,1,1,2,3,4,2,3,3,4,3,1,4,3,1,2,4,2,1,1,2,4,2,4,74,220,0,51,203,201,132,115,250,197,216,21,323,232,108,291,122,139,61,233,139,270,230,169,138,268,214,27,115,219,79,257,36,7,360,93,336,94,0,117,1790.22852729774,1036,13,1,4.20786851736244e-06
4,4,4,2,3,2,2,2,2,2,2,2,1,1,1,1,1,1,1,2,4,4,4,4,4,4,4,4,4,4,4,3,4,3,4,3,3,4,4,3,205,0,89,72,0,0,0,0,0,0,0,280,225,216,149,120,119,27,328,0,0,126,188,360,298,0,360,10,137,188,164,285,224,360,166,86,73,0,82,296,1274.01618554247,1043,17,1,4.17821104166924e-06
4,4,2,2,2,2,2,1,1,1,1,1,1,1,1,1,1,1,1,1,4,4,4,4,4,4,4,4,4,4,4,3,3,3,3,4,3,4,4,4,195,3,12,52,37,0,0,0,0,0,0,218,185,189,201,115,94,71,15,0,5,193,193,132,360,0,332,9,271,109,3,218,53,299,255,56,11,146,0,293,2015.61402026395,983,13,1,4.13694751904234e-06
4,4,3,3,2,2,2,2,2,2,2,2,1,1,1,1,1,1,1,1,4,4,4,4,4,4,4,4,4,4,4,3,4,3,4,3,3,4,4,3,205,3,89,72,0,0,0,0,0,0,0,285,252,216,181,120,87,59,360,0,0,126,188,360,330,0,360,10,137,188,164,285,224,360,166,123,73,0,82,328,1361.00555353678,1020,18,1,4.08771086701427e-06
2,4,2,2,2,2,2,2,2,1,1,1,1,1,1,1,1,1,1,1,4,3,3,4,4,4,3,4,4,4,4,3,3,3,3,3,3,4,4,3,205,3,89,72,5,0,0,0,0,0,0,285,252,216,149,120,119,163,261,0,57,126,84,360,298,0,360,62,137,188,164,285,224,360,218,123,16,0,30,296,1978.09421212663,958,15,1,4.02434387291571e-06
4,4,4,4,4,4,4,4,4,3,3,3,3,2,4,3,2,4,3,2,2,3,2,4,4,4,4,4,4,2,4,4,2,4,4,4,3,2,3,3,0,139,0,95,101,213,94,37,262,251,0,197,260,177,161,30,114,125,50,0,112,219,82,72,62,319,19,22,67,294,127,86,300,33,236,217,239,120,17,288,1016.51044765999,1367,12,1,3.99610825819467e-06
4,4,4,4,4,4,4,4,4,3,3,3,3,3,4,3,2,4,3,2,4,3,2,4,3,4,4,4,4,2,4,4,2,4,4,4,3,2,3,3,0,139,0,95,101,275,156,37,324,251,0,197,260,177,161,30,114,125,112,0,236,219,82,72,0,319,19,22,67,294,65,86,300,33,236,217,239,120,17,288,1016.46468254363,1378,12,1,3.99610825819467e-06
4,4,3,3,3,2,2,2,3,3,2,2,3,2,3,4,1,3,2,3,4,4,4,2,2,4,4,2,4,3,3,3,4,2,4,4,2,4,2,3,74,220,0,123,188,201,0,0,250,269,144,21,251,232,180,291,50,0,61,161,0,270,168,97,66,268,214,27,115,219,79,215,72,151,360,93,360,94,91,117,1256.219141138,1149,12,1,3.99391054316907e-06
4,4,4,4,4,4,4,3,3,3,3,3,3,2,4,2,2,3,3,2,2,3,2,4,3,4,4,4,4,2,4,4,2,4,4,4,3,2,3,3,0,139,0,95,101,275,89,37,262,251,0,197,260,177,161,0,114,125,112,0,236,219,82,72,0,252,19,22,0,294,127,86,300,33,236,150,239,53,17,288,1016.96556725149,1296,12,1,3.99381686422421e-06
4,4,4,4,4,4,4,4,3,3,3,3,3,2,4,2,2,4,3,2,2,3,2,4,3,4,4,4,4,2,4,4,2,4,4,4,3,2,3,3,0,139,0,95,101,275,89,37,262,251,0,197,260,177,161,30,114,125,112,0,236,219,15,72,0,319,19,22,0,294,127,86,300,33,236,150,239,53,17,288,1016.68138022221,1336,12,1,3.99363935967425e-06
4,4,4,4,4,4,4,3,3,3,3,3,3,2,4,2,2,4,2,2,2,3,2,4,3,4,4,3,4,3,4,4,2,4,4,4,3,2,3,4,0,139,0,95,101,275,156,37,262,251,0,197,260,244,161,30,114,125,112,0,236,219,15,72,0,319,19,22,0,294,127,86,300,33,236,217,239,53,17,288,1016.95858155543,1305,13,1,3.99313402420625e-06
4,4,4,4,4,4,4,3,3,3,3,3,3,2,4,3,2,4,3,2,3,3,2,4,3,4,4,4,4,2,4,4,2,4,4,4,3,3,3,3,0,139,0,95,101,275,89,37,262,251,0,197,260,177,161,30,114,125,112,0,236,219,20,72,0,319,19,22,0,360,127,86,300,33,236,150,177,53,17,226,1016.95104043954,1327,12,1,3.99313402420625e-06
4,4,4,4,4,4,4,4,3,3,3,3,3,2,4,3,2,4,3,3,2,3,2,4,3,4,4,4,4,2,4,4,2,4,4,4,3,2,3,3,0,139,0,95,101,213,156,37,262,251,0,197,260,177,161,30,114,125,112,0,236,219,82,72,0,319,19,22,67,294,127,86,300,33,236,217,239,120,17,288,1016.66411920072,1358,12,1,3.99279822176167e-06
4,4,4,4,4,4,4,4,4,4,4,4,3,3,3,3,3,2,3,2,4,4,4,4,4,4,4,4,4,4,4,3,4,4,2,4,4,4,3,4,0,139,0,28,173,64,17,32,334,323,0,0,255,239,166,30,114,53,45,0,303,209,15,72,72,319,19,22,0,360,55,297,300,28,236,217,239,120,156,360,1016.40273439459,1398,12,1,3.99265848837945e-06
4,4,4,4,4,4,4,4,4,4,4,4,3,3,3,3,3,3,3,3,4,4,4,4,4,4,4,4,4,4,4,3,4,4,3,4,4,4,3,4,0,139,42,0,173,64,17,32,334,323,0,0,255,202,166,134,114,53,45,0,303,209,72,72,72,319,19,22,0,360,55,297,300,28,236,259,276,120,156,360,1016.40101796168,1420,12,1,3.99256955865095e-06
4,4,4,4,4,4,4,4,4,4,4,4,4,3,3,3,3,3,3,2,4,4,4,4,4,4,4,4,4,4,4,3,4,4,3,4,4,4,3,4,0,139,69,28,136,96,54,32,334,323,0,0,255,207,166,134,87,53,13,0,303,209,72,72,72,319,19,22,0,360,55,297,300,28,236,296,276,120,156,360,1016.40067772496,1429,12,1,3.99256914294422e-06
2,4,3,2,2,2,2,2,2,2,1,1,1,1,1,1,1,1,1,1,4,4,4,4,4,4,4,4,4,4,4,3,4,3,4,3,3,4,4,3,205,3,57,72,0,0,0,0,0,0,0,280,252,216,149,120,87,59,318,0,0,126,188,360,298,0,360,10,137,188,164,285,224,360,166,123,73,0,82,296,1724.07585636022,972,16,1,3.96885935961397e-06
2,4,3,3,2,2,2,2,2,2,2,2,1,1,1,2,1,1,1,1,4,4,4,4,4,4,4,4,4,4,4,3,4,3,4,3,3,4,4,3,205,3,89,72,0,0,0,0,0,0,0,285,252,216,149,120,119,59,360,0,0,126,188,360,330,0,360,10,137,188,164,285,224,360,166,123,73,0,82,296,1536.77322794344,992,18,1,3.90290503865618e-06
4,4,4,4,4,3,3,4,2,2,2,2,2,2,2,2,2,3,1,2,3,4,4,3,1,3,4,3,4,1,2,3,3,3,4,4,3,2,2,4,0,211,8,65,208,275,109,102,309,219,243,197,243,197,178,139,42,78,13,12,360,291,0,0,0,346,91,94,47,294,127,225,300,100,236,197,204,122,49,265,1032.82776821956,1176,14,1,3.8288610052296e-06
2,4,4,4,3,4,2,3,3,3,2,3,3,2,3,2,2,1,3,2,4,3,2,4,3,4,4,4,4,2,4,4,2,4,4,4,3,3,3,3,0,139,0,95,74,275,89,37,262,251,0,197,260,177,161,30,114,125,112,0,236,219,82,72,0,292,19,22,0,360,127,86,300,33,236,150,239,53,17,288,1227.34088463079,1169,11,1,3.78267581566853e-06
4,4,3,3,3,2,2,2,3,3,2,2,3,2,2,4,1,3,2,2,3,4,4,2,2,4,4,2,4,3,3,2,4,2,4,4,2,4,2,3,74,220,0,123,188,201,0,0,250,269,144,21,251,232,180,291,50,67,61,233,0,270,168,97,138,268,214,27,115,219,79,215,72,223,360,93,360,94,91,117,1256.23666185245,1127,12,1,3.76959799445874e-06
2,4,3,3,2,2,2,1,2,1,2,1,1,1,1,1,1,2,1,1,4,4,4,4,4,4,4,4,4,4,3,3,3,3,3,3,4,4,3,4,125,281,0,66,34,66,1,0,287,0,0,200,236,134,201,119,103,236,8,64,35,360,96,0,166,222,0,119,360,0,28,131,203,134,334,300,239,360,106,302,1773.45630288681,983,14,1,3.76609043891295e-06
2,2,3,2,2,2,2,2,2,2,2,1,1,1,1,1,1,1,2,1,4,3,4,4,4,4,4,4,4,4,3,3,3,3,4,3,3,4,4,3,205,60,89,72,5,0,0,0,0,0,0,285,252,216,149,120,82,49,360,0,0,126,131,360,355,37,333,15,137,188,164,201,192,360,161,123,73,0,82,296,2159.58490160304,947,16,1,3.74242533340974e-06
2,3,2,2,2,2,2,1,1,1,2,1,1,1,1,1,1,1,1,1,4,4,4,4,4,4,4,4,4,4,4,3,3,3,3,4,3,4,4,4,195,3,12,52,37,0,0,0,0,0,0,218,185,189,201,115,94,71,15,0,5,193,193,132,360,0,332,9,271,109,30,218,53,299,255,56,11,146,0,293,2430.09221206748,935,13,1,3.73873676869892e-06
4,4,4,4,4,3,3,4,3,2,2,2,2,2,1,2,2,1,2,2,4,4,4,3,1,3,4,3,4,3,3,3,2,2,4,4,3,2,3,4,0,211,8,65,208,243,109,102,309,251,211,197,243,197,178,139,42,78,8,44,360,291,0,0,0,319,91,94,47,294,127,225,300,100,236,197,204,90,49,265,1040.40195684282,1173,13,1,3.73468855830862e-06
4,4,4,2,3,2,2,2,2,2,2,1,1,1,1,1,1,1,1,2,4,4,4,4,4,4,4,4,4,4,4,3,4,3,4,3,3,4,4,3,205,0,89,72,0,0,0,0,0,0,0,280,225,216,149,120,119,27,328,0,0,126,188,360,298,0,360,10,137,188,164,285,224,360,166,86,73,0,82,296,1303.38720485408,1040,17,1,3.72744951447681e-06
2,3,3,2,2,2,2,2,2,2,2,1,1,1,1,1,1,1,1,1,4,4,4,4,4,4,4,4,4,4,4,3,4,3,4,3,3,4,4,3,205,3,89,72,0,0,32,0,0,0,0,285,252,216,181,120,77,59,291,0,0,126,188,360,298,0,360,10,137,188,164,285,182,360,166,86,73,0,82,259,1956.2349418577,955,16,1,3.65510843033984e-06
4,4,3,2,2,2,2,2,2,2,2,1,1,1,1,1,1,1,1,1,4,4,4,4,4,4,4,4,4,4,4,3,4,3,4,3,3,4,4,3,205,0,89,72,0,0,0,0,0,0,0,285,252,216,149,120,77,59,259,0,0,126,188,360,298,0,360,10,137,188,164,285,182,360,166,86,73,0,114,259,1483.89193435526,1006,15,1,3.64104060510581e-06
2,4,3,3,2,2,2,2,2,2,2,1,1,1,1,1,2,2,2,1,4,4,4,4,4,2,1,4,4,4,4,3,4,3,4,3,3,4,4,3,205,3,89,72,0,0,0,0,0,0,0,280,252,216,149,120,119,59,360,0,0,126,188,360,298,0,360,10,137,188,164,285,224,360,166,123,36,0,82,296,1560.64454204921,995,16,1,3.62873310352446e-06
2,4,3,2,2,2,2,2,1,2,1,1,1,1,1,1,1,1,1,1,4,4,4,4,4,4,4,4,4,4,3,3,3,3,4,3,3,4,4,3,205,60,89,109,5,0,0,0,0,0,0,285,252,216,149,120,82,49,323,0,37,126,94,360,355,37,360,15,137,188,164,201,224,360,161,86,73,0,82,296,1810.43092985471,969,17,1,3.62023102820522e-06
4,4,3,2,3,2,2,2,4,3,2,2,3,2,1,3,1,1,1,2,3,4,4,4,3,4,3,2,4,3,1,2,4,2,1,4,2,4,2,4,74,220,0,51,260,201,132,115,250,269,216,21,251,232,108,291,122,139,61,233,139,270,168,169,138,268,214,27,115,219,79,143,93,7,360,93,336,94,19,189,1374.45278964341,1096,12,1,3.60382457898515e-06
2,4,3,2,2,2,2,2,2,2,1,1,1,1,1,1,1,1,1,1,4,4,4,4,4,4,4,4,4,4,4,3,4,3,4,3,3,4,4,3,205,3,57,72,0,0,0,0,0,0,0,280,252,216,149,120,87,59,318,0,0,126,188,360,298,0,360,10,137,188,164,285,224,360,166,123,73,0,82,296,1724.07585636022,972,16,1,3.59840058994613e-06
4,4,3,3,2,2,2,2,2,2,2,2,1,1,1,1,2,1,1,1,4,4,4,4,4,4,3,4,4,4,4,3,4,3,4,3,3,4,4,3,205,3,89,72,0,0,0,0,0,0,0,285,252,216,149,120,119,59,360,0,0,126,188,360,298,0,360,10,137,188,164,285,224,360,166,123,73,0,82,296,1356.12608419496,1023,18,1,3.58206434579828e-06
4,4,4,3,3,2,2,2,2,2,2,3,1,1,1,1,1,1,1,1,4,4,4,4,4,4,4,4,4,4,4,3,4,3,4,3,3,4,4,3,205,0,89,72,0,0,0,0,0,0,0,280,252,216,149,120,119,59,328,0,0,126,188,360,298,0,360,10,137,188,164,285,224,360,166,86,73,0,82,296,1181.65021167241,1062,17,1,3.54628191112796e-06
2,2,3,2,2,2,2,2,2,2,2,2,1,1,1,1,1,1,1,1,4,4,4,4,4,4,4,4,4,4,4,3,4,3,4,3,3,4,4,3,205,3,89,72,0,0,0,0,0,0,0,285,252,189,181,120,87,59,333,0,0,126,188,360,298,0,360,10,137,188,164,285,224,360,198,123,73,0,82,296,2133.52499855773,947,17,1,3.49561512752421e-06
4,4,4,3,3,2,2,2,3,3,4,2,3,2,1,1,1,1,3,1,3,2,3,2,2,4,2,3,4,2,4,4,4,3,4,1,2,4,1,1,31,25,0,28,245,203,156,248,334,251,127,269,327,172,94,144,114,125,0,0,303,234,15,27,45,319,0,94,72,294,127,225,300,100,236,145,239,125,69,265,1158.09128377898,1135,13,1,3.31122162792868e-06
2,3,3,2,2,2,2,2,2,2,1,1,1,1,1,1,1,1,1,1,4,4,4,4,4,4,4,4,4,4,4,3,4,3,4,3,3,4,4,3,205,3,89,72,0,0,0,0,0,0,0,280,252,216,149,120,119,59,318,0,0,126,188,360,298,0,360,10,137,188,164,285,224,360,166,123,73,0,82,296,2013.95741171551,952,16,1,3.25767846021816e-06
4,4,4,4,4,4,3,4,3,4,2,2,2,2,3,2,2,3,2,2,4,4,4,4,4,3,4,3,4,2,2,3,2,2,4,4,3,4,3,4,0,211,8,65,176,248,82,102,336,278,211,197,211,197,178,139,42,78,40,44,360,291,0,0,0,319,91,94,47,294,127,225,300,100,236,165,204,90,49,265,1018.90410644601,1252,13,1,3.25488388279947e-06
4,4,4,2,3,2,2,2,2,2,2,1,1,1,1,1,1,1,1,1,4,4,4,4,4,4,4,4,4,4,4,3,4,3,4,3,3,4,4,3,205,0,89,72,0,0,0,0,0,0,0,280,225,216,149,120,119,27,328,0,0,126,188,360,298,0,360,10,137,188,164,285,224,360,166,86,73,0,82,296,1305.02110608943,1037,17,1,3.23501710926896e-06
2,3,2,2,2,2,1,2,1,2,1,2,1,1,2,1,1,1,1,1,4,4,4,4,4,4,4,4,4,4,4,3,3,3,3,4,3,4,3,4,138,35,0,32,0,0,0,0,0,0,0,265,232,189,159,115,94,44,15,0,67,193,193,154,360,0,332,9,271,203,20,218,33,242,84,56,11,223,0,293,2415.67698800485,941,14,1,3.22509442714919e-06
2,4,4,2,2,2,1,1,1,1,1,1,1,1,1,1,1,1,1,1,4,4,4,4,4,4,4,4,4,4,4,3,3,3,3,4,3,4,4,4,195,3,12,52,37,0,0,0,0,0,32,218,185,189,201,115,94,39,15,0,5,193,193,164,360,0,332,9,271,141,30,218,53,299,255,56,11,146,0,293,2055.29884398611,980,13,1,3.18043741994088e-06
4,4,3,2,2,2,2,2,2,2,2,1,1,1,1,1,1,1,1,1,4,4,4,4,4,4,4,4,4,4,4,3,4,3,4,3,3,4,4,3,205,0,89,72,0,0,0,0,0,0,0,285,252,216,149,120,77,59,259,0,0,126,188,360,298,0,360,10,137,188,164,285,182,360,166,86,73,0,114,259,1483.89193435526,1006,15,1,3.17753118367143e-06
2,3,2,2,2,2,2,2,2,1,1,1,1,1,1,1,1,1,1,1,4,4,4,3,4,4,3,4,4,4,4,3,3,3,3,3,3,4,4,3,205,3,89,72,5,0,0,0,0,0,0,285,252,216,176,120,119,136,303,0,57,99,104,360,298,0,360,62,137,188,164,285,224,360,218,123,16,0,82,296,2267.45020569211,938,16,1,3.14539369783796e-06
2,4,3,2,3,2,3,2,1,3,2,2,3,2,3,3,1,1,1,2,3,4,4,3,3,4,3,2,4,3,3,1,4,2,1,1,2,4,2,4,74,220,0,51,260,201,0,115,178,269,216,21,251,232,108,291,122,139,61,233,139,270,168,169,138,335,214,27,115,291,218,287,93,74,360,93,336,94,19,117,1676.85999280975,1056,12,1,3.14195562868738e-06
4,4,4,2,3,2,2,2,3,3,2,2,3,2,2,1,1,1,1,2,3,4,3,2,2,4,1,3,4,2,2,4,4,3,4,4,4,3,3,1,31,82,0,28,161,151,156,300,334,293,127,269,327,172,136,144,114,125,0,0,303,291,15,27,45,319,0,146,72,294,70,225,300,100,236,145,239,73,69,360,1232.22764952532,1085,14,1,3.13426837916332e-06
2,4,3,2,2,1,2,2,2,1,1,1,1,1,1,1,1,2,1,1,4,4,4,4,4,4,4,4,4,2,4,3,3,3,3,3,4,4,3,4,125,281,0,66,34,66,1,0,287,0,0,237,236,171,201,119,103,236,8,64,35,360,133,0,166,185,0,119,360,0,28,89,203,134,334,300,239,360,106,302,2050.0205823948,969,14,1,3.08790158310615e-06
2,3,3,2,2,2,2,2,2,2,2,1,1,1,1,1,1,1,1,1,4,4,4,4,4,4,4,4,4,4,4,3,4,3,4,3,3,4,4,3,205,3,89,72,0,0,32,0,0,0,0,285,252,216,181,120,77,59,291,0,0,126,188,360,298,0,360,10,137,188,164,285,182,360,166,86,73,0,82,259,1956.2349418577,955,16,1,3.03173291936247e-06
2,4,2,2,2,2,1,2,1,2,1,2,1,1,2,1,1,1,1,1,4,4,4,4,4,4,4,4,4,4,4,3,3,3,3,4,3,4,3,4,138,35,0,32,0,0,0,0,0,0,0,265,232,189,159,115,94,44,15,0,67,193,193,154,360,0,332,9,271,203,20,218,33,242,84,56,11,223,0,293,2126.06272053238,961,14,1,2.98761032679829e-06
2,4,2,2,2,2,2,2,2,2,2,2,1,1,1,1,1,1,1,1,4,4,4,4,4,4,4,4,4,4,4,3,4,3,4,3,3,4,4,3,205,3,89,72,0,0,0,0,0,0,0,285,252,216,149,120,119,59,360,0,0,126,188,360,298,0,360,10,137,188,164,285,224,360,166,123,73,0,82,296,1825.35223611091,967,18,1,2.94226025228198e-06
2,4,3,3,2,3,2,1,2,1,2,1,1,1,1,1,1,2,1,1,4,4,4,3,4,4,4,4,4,4,3,3,3,3,3,3,4,4,3,4,125,281,0,66,34,66,1,0,287,0,24,200,236,45,201,119,103,236,55,106,35,360,96,0,166,222,0,119,360,0,28,89,245,134,334,300,239,360,106,349,1753.23027525631,994,14,1,2.90562178465858e-06
2,2,2,2,3,2,2,2,1,2,1,2,1,1,2,1,1,1,1,1,4,4,4,4,4,4,4,3,4,4,4,3,3,3,3,4,3,4,3,4,138,35,0,32,0,0,0,0,0,0,0,265,232,189,159,115,94,44,15,0,67,193,193,154,360,0,332,9,271,203,20,218,33,242,84,56,11,223,0,293,2405.74791527013,944,14,1,2.89251704845486e-06
2,4,2,2,2,2,2,1,1,1,1,1,1,1,1,1,1,1,1,1,4,4,4,4,4,4,4,4,4,4,4,3,3,3,3,4,3,4,4,4,195,3,12,52,37,0,0,0,0,0,0,218,185,189,201,115,94,71,15,0,5,193,193,132,360,0,332,9,271,109,3,218,53,299,255,56,11,146,0,293,2198.16196464693,952,13,1,2.86496406365964e-06
2,4,3,3,2,2,2,1,2,1,1,1,1,1,1,1,1,2,1,1,4,4,4,4,4,4,4,4,4,2,4,3,3,3,3,3,4,4,3,4,88,281,0,66,34,66,1,0,287,0,0,200,236,134,201,119,103,236,8,64,35,360,96,0,166,222,0,119,360,0,28,89,203,134,334,300,239,360,106,302,1831.14032311963,980,14,1,2.81130662320151e-06
2,4,2,2,2,2,1,2,1,2,1,2,1,1,2,1,1,1,1,1,4,4,4,4,4,4,4,4,4,4,4,3,3,3,3,4,3,4,3,4,138,35,0,32,0,0,0,0,0,0,0,265,232,189,159,115,94,44,15,0,67,193,193,154,360,0,332,9,271,203,20,218,33,242,84,56,11,223,0,293,2126.06272053238,961,14,1,2.79872644145628e-06
4,4,4,4,4,3,3,4,3,2,2,2,2,2,2,2,2,3,2,2,3,4,4,3,3,3,4,3,4,1,4,3,2,2,4,4,3,2,3,4,0,211,8,65,208,275,109,102,309,219,243,197,243,197,178,139,42,78,40,44,328,291,0,0,0,319,91,94,47,326,127,225,300,100,236,197,204,122,17,265,1026.70603151868,1190,13,1,2.79293516319248e-06
4,4,4,4,3,2,2,2,2,2,2,2,2,2,2,1,1,2,2,1,4,3,2,4,2,4,3,4,4,4,3,3,3,4,2,3,3,4,4,3,250,3,206,201,112,52,0,0,0,82,75,325,160,201,0,135,285,59,263,0,191,0,360,342,360,69,354,360,137,121,350,285,219,66,223,200,83,124,104,301,1093.08982622058,1086,16,1,2.78407684001552e-06
4,4,4,4,3,4,4,3,3,3,3,3,3,2,3,2,2,4,3,2,4,3,2,4,3,4,4,4,4,2,4,4,2,4,4,4,3,3,3,3,0,139,0,95,101,275,89,37,262,251,0,197,260,177,161,30,114,125,112,0,236,219,82,72,0,319,19,22,0,360,127,86,300,33,236,150,239,53,17,288,1028.17201220442,1276,12,1,2.74005194651189e-06
2,4,4,4,3,4,2,3,3,4,2,3,3,2,3,2,2,4,3,2,4,3,2,4,3,4,4,4,4,2,4,4,2,4,4,4,3,3,3,3,0,139,0,95,74,275,89,37,262,251,0,197,260,177,161,30,114,125,112,0,236,219,82,72,0,292,19,22,0,360,127,86,300,33,236,150,239,53,17,288,1223.47725378202,1223,11,1,2.69208854850678e-06
4,4,4,3,3,2,2,2,2,2,2,2,2,3,2,2,1,1,3,1,4,4,4,4,4,4,4,4,4,4,4,3,4,3,2,3,3,4,4,3,205,0,89,72,27,0,0,0,0,0,0,280,252,216,176,120,92,59,360,0,0,126,188,360,298,0,360,10,137,215,164,312,224,360,166,59,73,0,82,296,1122.64159883826,1088,14,1,2.54937208937928e-06
2,3,2,2,2,2,2,2,1,1,1,1,1,1,1,1,1,1,1,1,4,4,4,4,4,4,3,4,4,4,4,3,4,3,3,4,4,3,4,3,205,0,79,62,0,0,0,0,0,0,8,285,252,194,176,182,300,163,199,0,0,0,188,360,333,0,344,0,189,126,102,290,266,298,156,123,11,62,97,177,2357.13635292053,935,16,1,2.53214097911996e-06
4,4,4,3,3,2,2,2,2,1,2,1,1,1,2,2,1,1,1,2,4,3,3,2,3,4,4,1,4,3,4,4,3,3,2,4,3,4,4,4,282,3,290,134,102,0,0,0,54,0,0,263,170,159,57,182,72,54,263,0,191,59,260,342,360,27,198,334,137,54,303,285,152,155,228,200,145,171,104,301,1266.1333583484,1054,15,1,2.49498140991705e-06
4,4,3,3,3,2,2,2,2,3,2,2,3,2,2,4,1,3,2,2,3,4,4,2,2,4,4,2,4,3,3,2,4,2,4,4,2,4,2,3,74,220,0,123,188,201,0,0,250,269,144,93,251,232,180,291,92,67,61,233,0,270,168,97,138,268,214,27,115,219,79,215,0,151,360,93,360,79,19,117,1259.05509141734,1116,13,1,2.43738561471793e-06
1,1,2,1,1,1,1,1,1,1,1,1,1,1,1,1,1,1,1,1,4,4,4,4,4,4,4,4,4,4,4,3,3,3,4,3,3,4,4,3,59,30,12,42,0,0,0,0,0,0,0,218,185,189,154,115,94,44,15,0,109,193,193,154,308,0,360,0,244,151,30,245,174,360,168,19,11,166,27,288,4412.29075815815,903,13,1,2.39228693497314e-06
1,1,2,2,1,1,1,1,1,1,1,1,1,1,1,1,1,1,1,1,4,4,4,4,4,4,4,4,4,4,4,3,3,3,4,3,3,4,3,3,86,0,12,42,0,0,0,0,0,0,0,218,185,189,154,115,94,44,15,0,136,220,193,154,308,0,360,0,298,151,30,218,120,360,168,19,0,166,0,288,4034.00191519058,906,13,1,2.39228693497127e-06
1,2,2,2,1,1,1,1,1,1,1,1,1,1,1,1,1,1,1,1,4,4,4,4,4,4,4,4,4,4,4,3,3,3,4,3,3,4,3,3,86,0,12,69,0,0,0,0,0,0,0,218,185,189,154,115,94,44,15,0,136,193,166,154,308,0,360,0,352,151,30,218,120,333,168,19,11,166,0,288,3659.33552531346,909,13,1,2.39228693497127e-06
2,2,2,2,2,2,1,1,1,1,1,1,1,1,1,1,1,1,1,1,4,4,4,4,4,4,4,4,4,4,4,3,3,3,3,4,3,4,4,4,195,3,12,52,37,0,0,0,0,0,0,218,185,189,201,115,94,44,15,0,5,193,193,132,360,0,332,9,271,109,30,218,53,299,255,56,11,146,0,293,2865.40938694044,918,13,1,2.37209236349439e-06
1,2,2,2,2,1,1,1,1,1,1,1,1,1,1,1,1,1,1,1,4,4,4,4,4,4,4,4,4,4,4,3,4,4,3,4,3,4,4,4,126,3,12,27,0,0,0,0,0,0,0,218,185,189,154,115,94,39,15,0,0,193,235,216,360,0,332,9,271,99,72,218,174,245,255,56,11,72,0,293,3359.86198148305,912,13,1,2.34646700235461e-06
2,2,2,2,2,1,1,1,1,1,1,1,1,1,1,1,1,1,1,1,4,4,4,4,4,4,4,4,4,4,4,3,4,4,3,4,3,4,4,4,153,3,12,27,0,0,0,0,0,0,0,218,185,189,154,115,94,39,15,0,0,193,235,216,360,0,332,9,271,99,72,218,174,299,255,56,11,72,0,266,3105.07003616624,915,13,1,2.34646700235461e-06
4,4,4,4,3,2,2,2,2,2,2,2,2,3,2,2,1,1,1,1,4,4,4,4,4,4,4,4,4,4,4,3,4,3,4,3,3,4,4,3,205,0,89,72,27,0,0,0,0,0,0,280,252,216,176,120,92,59,360,0,0,126,188,360,298,0,360,10,137,215,164,312,224,360,166,59,73,0,82,296,1090.63265775618,1094,18,1,2.06851750343634e-06
2,3,2,2,2,2,2,1,1,1,1,1,1,1,1,1,1,1,1,1,4,4,4,4,4,4,4,4,4,4,4,3,3,3,3,4,3,4,4,4,195,3,12,52,37,0,0,0,0,0,0,218,185,189,201,115,94,71,15,0,5,193,193,132,360,0,332,9,271,109,30,218,53,299,255,56,11,146,0,293,2487.77623211939,932,13,1,1.92843211483745e-06
4,4,4,3,3,2,2,2,2,2,2,2,2,3,2,2,1,1,3,1,4,4,4,4,4,4,4,4,4,4,4,3,4,3,2,3,3,4,4,3,205,0,89,72,27,0,0,0,0,0,0,280,252,216,176,120,92,59,360,0,0,126,188,360,298,0,360,10,137,215,164,312,224,360,166,59,73,0,82,296,1122.64159883826,1088,14,1,1.92464119529384e-06
4,4,4,4,4,4,3,4,3,4,2,2,2,2,3,2,2,3,2,2,4,4,4,4,4,3,4,3,4,2,2,3,2,2,4,4,3,4,3,4,0,211,8,65,176,248,82,102,336,278,211,197,211,197,178,139,42,78,40,44,360,291,0,0,0,319,91,94,47,294,127,225,300,100,236,165,204,90,49,265,1018.90410644601,1252,13,1,1.89686851068994e-06
4,4,4,4,3,4,3,3,3,3,3,3,3,2,3,2,2,4,3,2,4,3,2,4,3,4,4,4,4,2,4,4,3,4,4,4,3,3,4,3,0,139,0,95,74,275,89,37,262,251,0,197,260,177,161,57,114,125,112,0,236,219,82,72,0,292,19,22,0,360,127,86,300,33,236,150,239,53,17,288,1029.17899250672,1256,11,1,1.85281922536913e-06
4,4,4,3,3,2,2,2,2,2,2,2,1,1,2,2,2,1,1,2,4,3,3,2,2,4,4,2,4,3,4,4,3,3,2,4,3,4,4,4,282,3,238,134,102,0,0,0,106,0,0,357,170,112,57,182,119,54,263,0,191,59,260,342,360,27,250,287,137,54,345,285,152,155,228,200,145,171,104,301,1170.46331741583,1063,16,1,1.83548189703549e-06
4,4,3,2,2,2,2,2,2,2,2,2,1,1,1,1,1,1,1,1,4,4,4,4,4,4,4,4,4,4,4,3,4,3,4,3,3,4,4,3,205,3,89,72,0,0,0,0,0,0,0,285,252,189,181,120,87,59,333,0,0,126,188,360,298,0,360,10,137,188,164,285,224,360,198,123,73,0,82,296,1454.2020168165,1009,17,1,1.81776755181665e-06
1,1,4,4,3,4,2,3,3,3,2,3,3,2,3,2,2,4,3,2,4,3,2,4,3,4,4,4,4,2,4,4,3,4,4,4,3,3,3,3,0,139,0,95,74,275,89,37,262,251,0,197,260,177,161,30,114,125,112,0,236,219,82,72,0,292,19,22,0,360,127,86,300,33,236,150,239,53,17,288,2353.23736577043,1166,11,1,1.63423177222572e-06
